,REF_DATE,GEO,DGUID,Type of energy-saving light,UOM,UOM_ID,SCALAR_FACTOR,SCALAR_ID,VECTOR,COORDINATE,VALUE,STATUS,SYMBOL,TERMINATED,DECIMALS
0,2007,Canada,2021A000011124,Compact fluorescent lights,Percent,239,units,0,v44185211,1.1,69.0,,,,0
1,2007,Canada,2021A000011124,Fluorescent tubes,Percent,239,units,0,v44185212,1.2,46.0,,,,0
2,2007,Canada,2021A000011124,Halogen lights,Percent,239,units,0,v44185213,1.3,35.0,,,,0
3,2007,Canada,2021A000011124,Light emitting diode (LED) holiday lights,Percent,239,units,0,v44185214,1.4,29.0,,,,0
4,2007,Canada,2021A000011124,At least one type of energy-saving light,Percent,239,units,0,v44185215,1.5,86.0,,,,0
5,2007,Canada,2021A000011124,"At least one type of energy-saving light, excluding light emitting diode (LED) holiday lights",Percent,239,units,0,v44185216,1.6,84.0,,,,0
6,2007,Canada,2021A000011124,No energy saving lights,Percent,239,units,0,v44185217,1.7,14.0,,,,0
7,2007,Newfoundland and Labrador,2021A000210,Compact fluorescent lights,Percent,239,units,0,v44185218,2.1,65.0,,,,0
8,2007,Newfoundland and Labrador,2021A000210,Fluorescent tubes,Percent,239,units,0,v44185219,2.2,31.0,,,,0
9,2007,Newfoundland and Labrador,2021A000210,Halogen lights,Percent,239,units,0,v44185220,2.3,20.0,,,,0
10,2007,Newfoundland and Labrador,2021A000210,Light emitting diode (LED) holiday lights,Percent,239,units,0,v44185221,2.4,22.0,,,,0
11,2007,Newfoundland and Labrador,2021A000210,At least one type of energy-saving light,Percent,239,units,0,v44185222,2.5,74.0,,,,0
12,2007,Newfoundland and Labrador,2021A000210,"At least one type of energy-saving light, excluding light emitting diode (LED) holiday lights",Percent,239,units,0,v44185223,2.6,72.0,,,,0
13,2007,Newfoundland and Labrador,2021A000210,No energy saving lights,Percent,239,units,0,v44185224,2.7,26.0,,,,0
14,2007,Prince Edward Island,2021A000211,Compact fluorescent lights,Percent,239,units,0,v44185225,3.1,73.0,,,,0
15,2007,Prince Edward Island,2021A000211,Fluorescent tubes,Percent,239,units,0,v44185226,3.2,43.0,,,,0
16,2007,Prince Edward Island,2021A000211,Halogen lights,Percent,239,units,0,v44185227,3.3,16.0,,,,0
17,2007,Prince Edward Island,2021A000211,Light emitting diode (LED) holiday lights,Percent,239,units,0,v44185228,3.4,32.0,,,,0
18,2007,Prince Edward Island,2021A000211,At least one type of energy-saving light,Percent,239,units,0,v44185229,3.5,85.0,,,,0
19,2007,Prince Edward Island,2021A000211,"At least one type of energy-saving light, excluding light emitting diode (LED) holiday lights",Percent,239,units,0,v44185230,3.6,82.0,,,,0
20,2007,Prince Edward Island,2021A000211,No energy saving lights,Percent,239,units,0,v44185231,3.7,15.0,E,,,0
21,2007,Nova Scotia,2021A000212,Compact fluorescent lights,Percent,239,units,0,v44185232,4.1,77.0,,,,0
22,2007,Nova Scotia,2021A000212,Fluorescent tubes,Percent,239,units,0,v44185233,4.2,43.0,,,,0
23,2007,Nova Scotia,2021A000212,Halogen lights,Percent,239,units,0,v44185234,4.3,21.0,,,,0
24,2007,Nova Scotia,2021A000212,Light emitting diode (LED) holiday lights,Percent,239,units,0,v44185235,4.4,29.0,,,,0
25,2007,Nova Scotia,2021A000212,At least one type of energy-saving light,Percent,239,units,0,v44185236,4.5,88.0,,,,0
26,2007,Nova Scotia,2021A000212,"At least one type of energy-saving light, excluding light emitting diode (LED) holiday lights",Percent,239,units,0,v44185237,4.6,85.0,,,,0
27,2007,Nova Scotia,2021A000212,No energy saving lights,Percent,239,units,0,v44185238,4.7,12.0,,,,0
28,2007,New Brunswick,2021A000213,Compact fluorescent lights,Percent,239,units,0,v44185239,5.1,70.0,,,,0
29,2007,New Brunswick,2021A000213,Fluorescent tubes,Percent,239,units,0,v44185240,5.2,39.0,,,,0
30,2007,New Brunswick,2021A000213,Halogen lights,Percent,239,units,0,v44185241,5.3,23.0,,,,0
31,2007,New Brunswick,2021A000213,Light emitting diode (LED) holiday lights,Percent,239,units,0,v44185242,5.4,27.0,,,,0
32,2007,New Brunswick,2021A000213,At least one type of energy-saving light,Percent,239,units,0,v44185243,5.5,84.0,,,,0
33,2007,New Brunswick,2021A000213,"At least one type of energy-saving light, excluding light emitting diode (LED) holiday lights",Percent,239,units,0,v44185244,5.6,81.0,,,,0
34,2007,New Brunswick,2021A000213,No energy saving lights,Percent,239,units,0,v44185245,5.7,16.0,,,,0
35,2007,Quebec,2021A000224,Compact fluorescent lights,Percent,239,units,0,v44185246,6.1,63.0,,,,0
36,2007,Quebec,2021A000224,Fluorescent tubes,Percent,239,units,0,v44185247,6.2,36.0,,,,0
37,2007,Quebec,2021A000224,Halogen lights,Percent,239,units,0,v44185248,6.3,42.0,,,,0
38,2007,Quebec,2021A000224,Light emitting diode (LED) holiday lights,Percent,239,units,0,v44185249,6.4,25.0,,,,0
39,2007,Quebec,2021A000224,At least one type of energy-saving light,Percent,239,units,0,v44185250,6.5,83.0,,,,0
40,2007,Quebec,2021A000224,"At least one type of energy-saving light, excluding light emitting diode (LED) holiday lights",Percent,239,units,0,v44185251,6.6,81.0,,,,0
41,2007,Quebec,2021A000224,No energy saving lights,Percent,239,units,0,v44185252,6.7,17.0,,,,0
42,2007,Ontario,2021A000235,Compact fluorescent lights,Percent,239,units,0,v44185253,7.1,76.0,,,,0
43,2007,Ontario,2021A000235,Fluorescent tubes,Percent,239,units,0,v44185254,7.2,50.0,,,,0
44,2007,Ontario,2021A000235,Halogen lights,Percent,239,units,0,v44185255,7.3,33.0,,,,0
45,2007,Ontario,2021A000235,Light emitting diode (LED) holiday lights,Percent,239,units,0,v44185256,7.4,31.0,,,,0
46,2007,Ontario,2021A000235,At least one type of energy-saving light,Percent,239,units,0,v44185257,7.5,88.0,,,,0
47,2007,Ontario,2021A000235,"At least one type of energy-saving light, excluding light emitting diode (LED) holiday lights",Percent,239,units,0,v44185258,7.6,87.0,,,,0
48,2007,Ontario,2021A000235,No energy saving lights,Percent,239,units,0,v44185259,7.7,11.0,,,,0
49,2007,Manitoba,2021A000246,Compact fluorescent lights,Percent,239,units,0,v44185260,8.1,62.0,,,,0
50,2007,Manitoba,2021A000246,Fluorescent tubes,Percent,239,units,0,v44185261,8.2,53.0,,,,0
51,2007,Manitoba,2021A000246,Halogen lights,Percent,239,units,0,v44185262,8.3,29.0,,,,0
52,2007,Manitoba,2021A000246,Light emitting diode (LED) holiday lights,Percent,239,units,0,v44185263,8.4,33.0,,,,0
53,2007,Manitoba,2021A000246,At least one type of energy-saving light,Percent,239,units,0,v44185264,8.5,83.0,,,,0
54,2007,Manitoba,2021A000246,"At least one type of energy-saving light, excluding light emitting diode (LED) holiday lights",Percent,239,units,0,v44185265,8.6,78.0,,,,0
55,2007,Manitoba,2021A000246,No energy saving lights,Percent,239,units,0,v44185266,8.7,16.0,,,,0
56,2007,Saskatchewan,2021A000247,Compact fluorescent lights,Percent,239,units,0,v44185267,9.1,64.0,,,,0
57,2007,Saskatchewan,2021A000247,Fluorescent tubes,Percent,239,units,0,v44185268,9.2,55.0,,,,0
58,2007,Saskatchewan,2021A000247,Halogen lights,Percent,239,units,0,v44185269,9.3,26.0,,,,0
59,2007,Saskatchewan,2021A000247,Light emitting diode (LED) holiday lights,Percent,239,units,0,v44185270,9.4,26.0,,,,0
60,2007,Saskatchewan,2021A000247,At least one type of energy-saving light,Percent,239,units,0,v44185271,9.5,85.0,,,,0
61,2007,Saskatchewan,2021A000247,"At least one type of energy-saving light, excluding light emitting diode (LED) holiday lights",Percent,239,units,0,v44185272,9.6,84.0,,,,0
62,2007,Saskatchewan,2021A000247,No energy saving lights,Percent,239,units,0,v44185273,9.7,15.0,,,,0
63,2007,Alberta,2021A000248,Compact fluorescent lights,Percent,239,units,0,v44185274,10.1,64.0,,,,0
64,2007,Alberta,2021A000248,Fluorescent tubes,Percent,239,units,0,v44185275,10.2,46.0,,,,0
65,2007,Alberta,2021A000248,Halogen lights,Percent,239,units,0,v44185276,10.3,34.0,,,,0
66,2007,Alberta,2021A000248,Light emitting diode (LED) holiday lights,Percent,239,units,0,v44185277,10.4,31.0,,,,0
67,2007,Alberta,2021A000248,At least one type of energy-saving light,Percent,239,units,0,v44185278,10.5,82.0,,,,0
68,2007,Alberta,2021A000248,"At least one type of energy-saving light, excluding light emitting diode (LED) holiday lights",Percent,239,units,0,v44185279,10.6,80.0,,,,0
69,2007,Alberta,2021A000248,No energy saving lights,Percent,239,units,0,v44185280,10.7,17.0,,,,0
70,2007,British Columbia,2021A000259,Compact fluorescent lights,Percent,239,units,0,v44185281,11.1,71.0,,,,0
71,2007,British Columbia,2021A000259,Fluorescent tubes,Percent,239,units,0,v44185282,11.2,53.0,,,,0
72,2007,British Columbia,2021A000259,Halogen lights,Percent,239,units,0,v44185283,11.3,36.0,,,,0
73,2007,British Columbia,2021A000259,Light emitting diode (LED) holiday lights,Percent,239,units,0,v44185284,11.4,34.0,,,,0
74,2007,British Columbia,2021A000259,At least one type of energy-saving light,Percent,239,units,0,v44185285,11.5,89.0,,,,0
75,2007,British Columbia,2021A000259,"At least one type of energy-saving light, excluding light emitting diode (LED) holiday lights",Percent,239,units,0,v44185286,11.6,87.0,,,,0
76,2007,British Columbia,2021A000259,No energy saving lights,Percent,239,units,0,v44185287,11.7,11.0,,,,0
77,2009,Canada,2021A000011124,Compact fluorescent lights,Percent,239,units,0,v44185211,1.1,75.0,,,,0
78,2009,Canada,2021A000011124,Fluorescent tubes,Percent,239,units,0,v44185212,1.2,47.0,,,,0
79,2009,Canada,2021A000011124,Halogen lights,Percent,239,units,0,v44185213,1.3,35.0,,,,0
80,2009,Canada,2021A000011124,"Light emitting diode (LED) lights, excluding LED holiday lights",Percent,239,units,0,v53599722,1.8,7.0,,,,0
81,2009,Canada,2021A000011124,Light emitting diode (LED) holiday lights,Percent,239,units,0,v44185214,1.4,32.0,,,,0
82,2009,Canada,2021A000011124,At least one type of energy-saving light,Percent,239,units,0,v44185215,1.5,89.0,,,,0
83,2009,Canada,2021A000011124,"At least one type of energy-saving light, excluding light emitting diode (LED) holiday lights",Percent,239,units,0,v44185216,1.6,88.0,,,,0
84,2009,Canada,2021A000011124,No energy saving lights,Percent,239,units,0,v44185217,1.7,10.0,,,,0
85,2009,Newfoundland and Labrador,2021A000210,Compact fluorescent lights,Percent,239,units,0,v44185218,2.1,70.0,,,,0
86,2009,Newfoundland and Labrador,2021A000210,Fluorescent tubes,Percent,239,units,0,v44185219,2.2,26.0,,,,0
87,2009,Newfoundland and Labrador,2021A000210,Halogen lights,Percent,239,units,0,v44185220,2.3,18.0,,,,0
88,2009,Newfoundland and Labrador,2021A000210,"Light emitting diode (LED) lights, excluding LED holiday lights",Percent,239,units,0,v53599723,2.8,11.0,,,,0
89,2009,Newfoundland and Labrador,2021A000210,Light emitting diode (LED) holiday lights,Percent,239,units,0,v44185221,2.4,35.0,,,,0
90,2009,Newfoundland and Labrador,2021A000210,At least one type of energy-saving light,Percent,239,units,0,v44185222,2.5,77.0,,,,0
91,2009,Newfoundland and Labrador,2021A000210,"At least one type of energy-saving light, excluding light emitting diode (LED) holiday lights",Percent,239,units,0,v44185223,2.6,75.0,,,,0
92,2009,Newfoundland and Labrador,2021A000210,No energy saving lights,Percent,239,units,0,v44185224,2.7,23.0,,,,0
93,2009,Prince Edward Island,2021A000211,Compact fluorescent lights,Percent,239,units,0,v44185225,3.1,80.0,,,,0
94,2009,Prince Edward Island,2021A000211,Fluorescent tubes,Percent,239,units,0,v44185226,3.2,46.0,,,,0
95,2009,Prince Edward Island,2021A000211,Halogen lights,Percent,239,units,0,v44185227,3.3,16.0,,,,0
96,2009,Prince Edward Island,2021A000211,"Light emitting diode (LED) lights, excluding LED holiday lights",Percent,239,units,0,v53599724,3.8,11.0,E,,,0
97,2009,Prince Edward Island,2021A000211,Light emitting diode (LED) holiday lights,Percent,239,units,0,v44185228,3.4,41.0,,,,0
98,2009,Prince Edward Island,2021A000211,At least one type of energy-saving light,Percent,239,units,0,v44185229,3.5,92.0,,,,0
99,2009,Prince Edward Island,2021A000211,"At least one type of energy-saving light, excluding light emitting diode (LED) holiday lights",Percent,239,units,0,v44185230,3.6,90.0,,,,0
100,2009,Prince Edward Island,2021A000211,No energy saving lights,Percent,239,units,0,v44185231,3.7,,F,,,0
101,2009,Nova Scotia,2021A000212,Compact fluorescent lights,Percent,239,units,0,v44185232,4.1,84.0,,,,0
102,2009,Nova Scotia,2021A000212,Fluorescent tubes,Percent,239,units,0,v44185233,4.2,48.0,,,,0
103,2009,Nova Scotia,2021A000212,Halogen lights,Percent,239,units,0,v44185234,4.3,20.0,,,,0
104,2009,Nova Scotia,2021A000212,"Light emitting diode (LED) lights, excluding LED holiday lights",Percent,239,units,0,v53599725,4.8,11.0,,,,0
105,2009,Nova Scotia,2021A000212,Light emitting diode (LED) holiday lights,Percent,239,units,0,v44185235,4.4,39.0,,,,0
106,2009,Nova Scotia,2021A000212,At least one type of energy-saving light,Percent,239,units,0,v44185236,4.5,93.0,,,,0
107,2009,Nova Scotia,2021A000212,"At least one type of energy-saving light, excluding light emitting diode (LED) holiday lights",Percent,239,units,0,v44185237,4.6,92.0,,,,0
108,2009,Nova Scotia,2021A000212,No energy saving lights,Percent,239,units,0,v44185238,4.7,7.0,E,,,0
109,2009,New Brunswick,2021A000213,Compact fluorescent lights,Percent,239,units,0,v44185239,5.1,76.0,,,,0
110,2009,New Brunswick,2021A000213,Fluorescent tubes,Percent,239,units,0,v44185240,5.2,47.0,,,,0
111,2009,New Brunswick,2021A000213,Halogen lights,Percent,239,units,0,v44185241,5.3,26.0,,,,0
112,2009,New Brunswick,2021A000213,"Light emitting diode (LED) lights, excluding LED holiday lights",Percent,239,units,0,v53599726,5.8,10.0,,,,0
113,2009,New Brunswick,2021A000213,Light emitting diode (LED) holiday lights,Percent,239,units,0,v44185242,5.4,38.0,,,,0
114,2009,New Brunswick,2021A000213,At least one type of energy-saving light,Percent,239,units,0,v44185243,5.5,89.0,,,,0
115,2009,New Brunswick,2021A000213,"At least one type of energy-saving light, excluding light emitting diode (LED) holiday lights",Percent,239,units,0,v44185244,5.6,88.0,,,,0
116,2009,New Brunswick,2021A000213,No energy saving lights,Percent,239,units,0,v44185245,5.7,10.0,,,,0
117,2009,Quebec,2021A000224,Compact fluorescent lights,Percent,239,units,0,v44185246,6.1,69.0,,,,0
118,2009,Quebec,2021A000224,Fluorescent tubes,Percent,239,units,0,v44185247,6.2,39.0,,,,0
119,2009,Quebec,2021A000224,Halogen lights,Percent,239,units,0,v44185248,6.3,49.0,,,,0
120,2009,Quebec,2021A000224,"Light emitting diode (LED) lights, excluding LED holiday lights",Percent,239,units,0,v53599727,6.8,5.0,,,,0
121,2009,Quebec,2021A000224,Light emitting diode (LED) holiday lights,Percent,239,units,0,v44185249,6.4,28.0,,,,0
122,2009,Quebec,2021A000224,At least one type of energy-saving light,Percent,239,units,0,v44185250,6.5,87.0,,,,0
123,2009,Quebec,2021A000224,"At least one type of energy-saving light, excluding light emitting diode (LED) holiday lights",Percent,239,units,0,v44185251,6.6,85.0,,,,0
124,2009,Quebec,2021A000224,No energy saving lights,Percent,239,units,0,v44185252,6.7,12.0,,,,0
125,2009,Ontario,2021A000235,Compact fluorescent lights,Percent,239,units,0,v44185253,7.1,79.0,,,,0
126,2009,Ontario,2021A000235,Fluorescent tubes,Percent,239,units,0,v44185254,7.2,51.0,,,,0
127,2009,Ontario,2021A000235,Halogen lights,Percent,239,units,0,v44185255,7.3,31.0,,,,0
128,2009,Ontario,2021A000235,"Light emitting diode (LED) lights, excluding LED holiday lights",Percent,239,units,0,v53599728,7.8,7.0,,,,0
129,2009,Ontario,2021A000235,Light emitting diode (LED) holiday lights,Percent,239,units,0,v44185256,7.4,31.0,,,,0
130,2009,Ontario,2021A000235,At least one type of energy-saving light,Percent,239,units,0,v44185257,7.5,89.0,,,,0
131,2009,Ontario,2021A000235,"At least one type of energy-saving light, excluding light emitting diode (LED) holiday lights",Percent,239,units,0,v44185258,7.6,88.0,,,,0
132,2009,Ontario,2021A000235,No energy saving lights,Percent,239,units,0,v44185259,7.7,10.0,,,,0
133,2009,Manitoba,2021A000246,Compact fluorescent lights,Percent,239,units,0,v44185260,8.1,69.0,,,,0
134,2009,Manitoba,2021A000246,Fluorescent tubes,Percent,239,units,0,v44185261,8.2,55.0,,,,0
135,2009,Manitoba,2021A000246,Halogen lights,Percent,239,units,0,v44185262,8.3,30.0,,,,0
136,2009,Manitoba,2021A000246,"Light emitting diode (LED) lights, excluding LED holiday lights",Percent,239,units,0,v53599729,8.8,8.0,E,,,0
137,2009,Manitoba,2021A000246,Light emitting diode (LED) holiday lights,Percent,239,units,0,v44185263,8.4,35.0,,,,0
138,2009,Manitoba,2021A000246,At least one type of energy-saving light,Percent,239,units,0,v44185264,8.5,89.0,,,,0
139,2009,Manitoba,2021A000246,"At least one type of energy-saving light, excluding light emitting diode (LED) holiday lights",Percent,239,units,0,v44185265,8.6,86.0,,,,0
140,2009,Manitoba,2021A000246,No energy saving lights,Percent,239,units,0,v44185266,8.7,11.0,E,,,0
141,2009,Saskatchewan,2021A000247,Compact fluorescent lights,Percent,239,units,0,v44185267,9.1,78.0,,,,0
142,2009,Saskatchewan,2021A000247,Fluorescent tubes,Percent,239,units,0,v44185268,9.2,52.0,,,,0
143,2009,Saskatchewan,2021A000247,Halogen lights,Percent,239,units,0,v44185269,9.3,31.0,,,,0
144,2009,Saskatchewan,2021A000247,"Light emitting diode (LED) lights, excluding LED holiday lights",Percent,239,units,0,v53599730,9.8,8.0,,,,0
145,2009,Saskatchewan,2021A000247,Light emitting diode (LED) holiday lights,Percent,239,units,0,v44185270,9.4,36.0,,,,0
146,2009,Saskatchewan,2021A000247,At least one type of energy-saving light,Percent,239,units,0,v44185271,9.5,92.0,,,,0
147,2009,Saskatchewan,2021A000247,"At least one type of energy-saving light, excluding light emitting diode (LED) holiday lights",Percent,239,units,0,v44185272,9.6,91.0,,,,0
148,2009,Saskatchewan,2021A000247,No energy saving lights,Percent,239,units,0,v44185273,9.7,8.0,E,,,0
149,2009,Alberta,2021A000248,Compact fluorescent lights,Percent,239,units,0,v44185274,10.1,77.0,,,,0
150,2009,Alberta,2021A000248,Fluorescent tubes,Percent,239,units,0,v44185275,10.2,50.0,,,,0
151,2009,Alberta,2021A000248,Halogen lights,Percent,239,units,0,v44185276,10.3,31.0,,,,0
152,2009,Alberta,2021A000248,"Light emitting diode (LED) lights, excluding LED holiday lights",Percent,239,units,0,v53599731,10.8,8.0,,,,0
153,2009,Alberta,2021A000248,Light emitting diode (LED) holiday lights,Percent,239,units,0,v44185277,10.4,34.0,,,,0
154,2009,Alberta,2021A000248,At least one type of energy-saving light,Percent,239,units,0,v44185278,10.5,90.0,,,,0
155,2009,Alberta,2021A000248,"At least one type of energy-saving light, excluding light emitting diode (LED) holiday lights",Percent,239,units,0,v44185279,10.6,89.0,,,,0
156,2009,Alberta,2021A000248,No energy saving lights,Percent,239,units,0,v44185280,10.7,9.0,,,,0
157,2009,British Columbia,2021A000259,Compact fluorescent lights,Percent,239,units,0,v44185281,11.1,72.0,,,,0
158,2009,British Columbia,2021A000259,Fluorescent tubes,Percent,239,units,0,v44185282,11.2,50.0,,,,0
159,2009,British Columbia,2021A000259,Halogen lights,Percent,239,units,0,v44185283,11.3,36.0,,,,0
160,2009,British Columbia,2021A000259,"Light emitting diode (LED) lights, excluding LED holiday lights",Percent,239,units,0,v53599732,11.8,12.0,,,,0
161,2009,British Columbia,2021A000259,Light emitting diode (LED) holiday lights,Percent,239,units,0,v44185284,11.4,36.0,,,,0
162,2009,British Columbia,2021A000259,At least one type of energy-saving light,Percent,239,units,0,v44185285,11.5,91.0,,,,0
163,2009,British Columbia,2021A000259,"At least one type of energy-saving light, excluding light emitting diode (LED) holiday lights",Percent,239,units,0,v44185286,11.6,89.0,,,,0
164,2009,British Columbia,2021A000259,No energy saving lights,Percent,239,units,0,v44185287,11.7,9.0,,,,0
165,2011,Canada,2021A000011124,Compact fluorescent lights,Percent,239,units,0,v44185211,1.1,76.0,,,,0
166,2011,Canada,2021A000011124,Fluorescent tubes,Percent,239,units,0,v44185212,1.2,40.0,,,,0
167,2011,Canada,2021A000011124,Halogen lights,Percent,239,units,0,v44185213,1.3,34.0,,,,0
168,2011,Canada,2021A000011124,"Light emitting diode (LED) lights, excluding LED holiday lights",Percent,239,units,0,v53599722,1.8,9.0,,,,0
169,2011,Canada,2021A000011124,Light emitting diode (LED) holiday lights,Percent,239,units,0,v44185214,1.4,33.0,,,,0
170,2011,Canada,2021A000011124,At least one type of energy-saving light,Percent,239,units,0,v44185215,1.5,89.0,,,,0
171,2011,Canada,2021A000011124,"At least one type of energy-saving light, excluding light emitting diode (LED) holiday lights",Percent,239,units,0,v44185216,1.6,87.0,,,,0
172,2011,Canada,2021A000011124,No energy saving lights,Percent,239,units,0,v44185217,1.7,11.0,,,,0
173,2011,Newfoundland and Labrador,2021A000210,Compact fluorescent lights,Percent,239,units,0,v44185218,2.1,71.0,,,,0
174,2011,Newfoundland and Labrador,2021A000210,Fluorescent tubes,Percent,239,units,0,v44185219,2.2,29.0,,,,0
175,2011,Newfoundland and Labrador,2021A000210,Halogen lights,Percent,239,units,0,v44185220,2.3,15.0,,,,0
176,2011,Newfoundland and Labrador,2021A000210,"Light emitting diode (LED) lights, excluding LED holiday lights",Percent,239,units,0,v53599723,2.8,6.0,E,,,0
177,2011,Newfoundland and Labrador,2021A000210,Light emitting diode (LED) holiday lights,Percent,239,units,0,v44185221,2.4,40.0,,,,0
178,2011,Newfoundland and Labrador,2021A000210,At least one type of energy-saving light,Percent,239,units,0,v44185222,2.5,81.0,,,,0
179,2011,Newfoundland and Labrador,2021A000210,"At least one type of energy-saving light, excluding light emitting diode (LED) holiday lights",Percent,239,units,0,v44185223,2.6,77.0,,,,0
180,2011,Newfoundland and Labrador,2021A000210,No energy saving lights,Percent,239,units,0,v44185224,2.7,19.0,,,,0
181,2011,Prince Edward Island,2021A000211,Compact fluorescent lights,Percent,239,units,0,v44185225,3.1,81.0,,,,0
182,2011,Prince Edward Island,2021A000211,Fluorescent tubes,Percent,239,units,0,v44185226,3.2,34.0,,,,0
183,2011,Prince Edward Island,2021A000211,Halogen lights,Percent,239,units,0,v44185227,3.3,20.0,E,,,0
184,2011,Prince Edward Island,2021A000211,"Light emitting diode (LED) lights, excluding LED holiday lights",Percent,239,units,0,v53599724,3.8,7.0,E,,,0
185,2011,Prince Edward Island,2021A000211,Light emitting diode (LED) holiday lights,Percent,239,units,0,v44185228,3.4,32.0,,,,0
186,2011,Prince Edward Island,2021A000211,At least one type of energy-saving light,Percent,239,units,0,v44185229,3.5,86.0,,,,0
187,2011,Prince Edward Island,2021A000211,"At least one type of energy-saving light, excluding light emitting diode (LED) holiday lights",Percent,239,units,0,v44185230,3.6,84.0,,,,0
188,2011,Prince Edward Island,2021A000211,No energy saving lights,Percent,239,units,0,v44185231,3.7,13.0,E,,,0
189,2011,Nova Scotia,2021A000212,Compact fluorescent lights,Percent,239,units,0,v44185232,4.1,78.0,,,,0
190,2011,Nova Scotia,2021A000212,Fluorescent tubes,Percent,239,units,0,v44185233,4.2,40.0,,,,0
191,2011,Nova Scotia,2021A000212,Halogen lights,Percent,239,units,0,v44185234,4.3,18.0,,,,0
192,2011,Nova Scotia,2021A000212,"Light emitting diode (LED) lights, excluding LED holiday lights",Percent,239,units,0,v53599725,4.8,11.0,E,,,0
193,2011,Nova Scotia,2021A000212,Light emitting diode (LED) holiday lights,Percent,239,units,0,v44185235,4.4,45.0,,,,0
194,2011,Nova Scotia,2021A000212,At least one type of energy-saving light,Percent,239,units,0,v44185236,4.5,92.0,,,,0
195,2011,Nova Scotia,2021A000212,"At least one type of energy-saving light, excluding light emitting diode (LED) holiday lights",Percent,239,units,0,v44185237,4.6,87.0,,,,0
196,2011,Nova Scotia,2021A000212,No energy saving lights,Percent,239,units,0,v44185238,4.7,8.0,,,,0
197,2011,New Brunswick,2021A000213,Compact fluorescent lights,Percent,239,units,0,v44185239,5.1,69.0,,,,0
198,2011,New Brunswick,2021A000213,Fluorescent tubes,Percent,239,units,0,v44185240,5.2,33.0,,,,0
199,2011,New Brunswick,2021A000213,Halogen lights,Percent,239,units,0,v44185241,5.3,20.0,,,,0
200,2011,New Brunswick,2021A000213,"Light emitting diode (LED) lights, excluding LED holiday lights",Percent,239,units,0,v53599726,5.8,5.0,,,,0
201,2011,New Brunswick,2021A000213,Light emitting diode (LED) holiday lights,Percent,239,units,0,v44185242,5.4,34.0,,,,0
202,2011,New Brunswick,2021A000213,At least one type of energy-saving light,Percent,239,units,0,v44185243,5.5,82.0,,,,0
203,2011,New Brunswick,2021A000213,"At least one type of energy-saving light, excluding light emitting diode (LED) holiday lights",Percent,239,units,0,v44185244,5.6,80.0,,,,0
204,2011,New Brunswick,2021A000213,No energy saving lights,Percent,239,units,0,v44185245,5.7,18.0,,,,0
205,2011,Quebec,2021A000224,Compact fluorescent lights,Percent,239,units,0,v44185246,6.1,71.0,,,,0
206,2011,Quebec,2021A000224,Fluorescent tubes,Percent,239,units,0,v44185247,6.2,30.0,,,,0
207,2011,Quebec,2021A000224,Halogen lights,Percent,239,units,0,v44185248,6.3,45.0,,,,0
208,2011,Quebec,2021A000224,"Light emitting diode (LED) lights, excluding LED holiday lights",Percent,239,units,0,v53599727,6.8,7.0,,,,0
209,2011,Quebec,2021A000224,Light emitting diode (LED) holiday lights,Percent,239,units,0,v44185249,6.4,32.0,,,,0
210,2011,Quebec,2021A000224,At least one type of energy-saving light,Percent,239,units,0,v44185250,6.5,86.0,,,,0
211,2011,Quebec,2021A000224,"At least one type of energy-saving light, excluding light emitting diode (LED) holiday lights",Percent,239,units,0,v44185251,6.6,84.0,,,,0
212,2011,Quebec,2021A000224,No energy saving lights,Percent,239,units,0,v44185252,6.7,14.0,,,,0
213,2011,Ontario,2021A000235,Compact fluorescent lights,Percent,239,units,0,v44185253,7.1,80.0,,,,0
214,2011,Ontario,2021A000235,Fluorescent tubes,Percent,239,units,0,v44185254,7.2,45.0,,,,0
215,2011,Ontario,2021A000235,Halogen lights,Percent,239,units,0,v44185255,7.3,31.0,,,,0
216,2011,Ontario,2021A000235,"Light emitting diode (LED) lights, excluding LED holiday lights",Percent,239,units,0,v53599728,7.8,9.0,,,,0
217,2011,Ontario,2021A000235,Light emitting diode (LED) holiday lights,Percent,239,units,0,v44185256,7.4,34.0,,,,0
218,2011,Ontario,2021A000235,At least one type of energy-saving light,Percent,239,units,0,v44185257,7.5,91.0,,,,0
219,2011,Ontario,2021A000235,"At least one type of energy-saving light, excluding light emitting diode (LED) holiday lights",Percent,239,units,0,v44185258,7.6,90.0,,,,0
220,2011,Ontario,2021A000235,No energy saving lights,Percent,239,units,0,v44185259,7.7,9.0,,,,0
221,2011,Manitoba,2021A000246,Compact fluorescent lights,Percent,239,units,0,v44185260,8.1,74.0,,,,0
222,2011,Manitoba,2021A000246,Fluorescent tubes,Percent,239,units,0,v44185261,8.2,53.0,,,,0
223,2011,Manitoba,2021A000246,Halogen lights,Percent,239,units,0,v44185262,8.3,32.0,,,,0
224,2011,Manitoba,2021A000246,"Light emitting diode (LED) lights, excluding LED holiday lights",Percent,239,units,0,v53599729,8.8,9.0,E,,,0
225,2011,Manitoba,2021A000246,Light emitting diode (LED) holiday lights,Percent,239,units,0,v44185263,8.4,39.0,,,,0
226,2011,Manitoba,2021A000246,At least one type of energy-saving light,Percent,239,units,0,v44185264,8.5,91.0,,,,0
227,2011,Manitoba,2021A000246,"At least one type of energy-saving light, excluding light emitting diode (LED) holiday lights",Percent,239,units,0,v44185265,8.6,89.0,,,,0
228,2011,Manitoba,2021A000246,No energy saving lights,Percent,239,units,0,v44185266,8.7,9.0,E,,,0
229,2011,Saskatchewan,2021A000247,Compact fluorescent lights,Percent,239,units,0,v44185267,9.1,72.0,,,,0
230,2011,Saskatchewan,2021A000247,Fluorescent tubes,Percent,239,units,0,v44185268,9.2,50.0,,,,0
231,2011,Saskatchewan,2021A000247,Halogen lights,Percent,239,units,0,v44185269,9.3,24.0,,,,0
232,2011,Saskatchewan,2021A000247,"Light emitting diode (LED) lights, excluding LED holiday lights",Percent,239,units,0,v53599730,9.8,9.0,,,,0
233,2011,Saskatchewan,2021A000247,Light emitting diode (LED) holiday lights,Percent,239,units,0,v44185270,9.4,33.0,,,,0
234,2011,Saskatchewan,2021A000247,At least one type of energy-saving light,Percent,239,units,0,v44185271,9.5,89.0,,,,0
235,2011,Saskatchewan,2021A000247,"At least one type of energy-saving light, excluding light emitting diode (LED) holiday lights",Percent,239,units,0,v44185272,9.6,85.0,,,,0
236,2011,Saskatchewan,2021A000247,No energy saving lights,Percent,239,units,0,v44185273,9.7,10.0,E,,,0
237,2011,Alberta,2021A000248,Compact fluorescent lights,Percent,239,units,0,v44185274,10.1,76.0,,,,0
238,2011,Alberta,2021A000248,Fluorescent tubes,Percent,239,units,0,v44185275,10.2,38.0,,,,0
239,2011,Alberta,2021A000248,Halogen lights,Percent,239,units,0,v44185276,10.3,31.0,,,,0
240,2011,Alberta,2021A000248,"Light emitting diode (LED) lights, excluding LED holiday lights",Percent,239,units,0,v53599731,10.8,12.0,,,,0
241,2011,Alberta,2021A000248,Light emitting diode (LED) holiday lights,Percent,239,units,0,v44185277,10.4,29.0,,,,0
242,2011,Alberta,2021A000248,At least one type of energy-saving light,Percent,239,units,0,v44185278,10.5,87.0,,,,0
243,2011,Alberta,2021A000248,"At least one type of energy-saving light, excluding light emitting diode (LED) holiday lights",Percent,239,units,0,v44185279,10.6,86.0,,,,0
244,2011,Alberta,2021A000248,No energy saving lights,Percent,239,units,0,v44185280,10.7,12.0,,,,0
245,2011,British Columbia,2021A000259,Compact fluorescent lights,Percent,239,units,0,v44185281,11.1,76.0,,,,0
246,2011,British Columbia,2021A000259,Fluorescent tubes,Percent,239,units,0,v44185282,11.2,43.0,,,,0
247,2011,British Columbia,2021A000259,Halogen lights,Percent,239,units,0,v44185283,11.3,34.0,,,,0
248,2011,British Columbia,2021A000259,"Light emitting diode (LED) lights, excluding LED holiday lights",Percent,239,units,0,v53599732,11.8,13.0,,,,0
249,2011,British Columbia,2021A000259,Light emitting diode (LED) holiday lights,Percent,239,units,0,v44185284,11.4,32.0,,,,0
250,2011,British Columbia,2021A000259,At least one type of energy-saving light,Percent,239,units,0,v44185285,11.5,90.0,,,,0
251,2011,British Columbia,2021A000259,"At least one type of energy-saving light, excluding light emitting diode (LED) holiday lights",Percent,239,units,0,v44185286,11.6,88.0,,,,0
252,2011,British Columbia,2021A000259,No energy saving lights,Percent,239,units,0,v44185287,11.7,10.0,,,,0
253,2013,Canada,2021A000011124,Compact fluorescent lights,Percent,239,units,0,v44185211,1.1,72.0,,,,0
254,2013,Canada,2021A000011124,Fluorescent tubes,Percent,239,units,0,v44185212,1.2,41.0,,,,0
255,2013,Canada,2021A000011124,Halogen lights,Percent,239,units,0,v44185213,1.3,36.0,,,,0
256,2013,Canada,2021A000011124,"Light emitting diode (LED) lights, excluding LED holiday lights",Percent,239,units,0,v53599722,1.8,14.0,,,,0
257,2013,Canada,2021A000011124,Light emitting diode (LED) holiday lights,Percent,239,units,0,v44185214,1.4,40.0,,,,0
258,2013,Canada,2021A000011124,At least one type of energy-saving light,Percent,239,units,0,v44185215,1.5,89.0,,,,0
259,2013,Canada,2021A000011124,"At least one type of energy-saving light, excluding light emitting diode (LED) holiday lights",Percent,239,units,0,v44185216,1.6,87.0,,,,0
260,2013,Canada,2021A000011124,No energy saving lights,Percent,239,units,0,v44185217,1.7,10.0,,,,0
261,2013,Newfoundland and Labrador,2021A000210,Compact fluorescent lights,Percent,239,units,0,v44185218,2.1,75.0,,,,0
262,2013,Newfoundland and Labrador,2021A000210,Fluorescent tubes,Percent,239,units,0,v44185219,2.2,27.0,,,,0
263,2013,Newfoundland and Labrador,2021A000210,Halogen lights,Percent,239,units,0,v44185220,2.3,24.0,,,,0
264,2013,Newfoundland and Labrador,2021A000210,"Light emitting diode (LED) lights, excluding LED holiday lights",Percent,239,units,0,v53599723,2.8,9.0,E,,,0
265,2013,Newfoundland and Labrador,2021A000210,Light emitting diode (LED) holiday lights,Percent,239,units,0,v44185221,2.4,46.0,,,,0
266,2013,Newfoundland and Labrador,2021A000210,At least one type of energy-saving light,Percent,239,units,0,v44185222,2.5,87.0,,,,0
267,2013,Newfoundland and Labrador,2021A000210,"At least one type of energy-saving light, excluding light emitting diode (LED) holiday lights",Percent,239,units,0,v44185223,2.6,83.0,,,,0
268,2013,Newfoundland and Labrador,2021A000210,No energy saving lights,Percent,239,units,0,v44185224,2.7,13.0,,,,0
269,2013,Prince Edward Island,2021A000211,Compact fluorescent lights,Percent,239,units,0,v44185225,3.1,81.0,,,,0
270,2013,Prince Edward Island,2021A000211,Fluorescent tubes,Percent,239,units,0,v44185226,3.2,44.0,,,,0
271,2013,Prince Edward Island,2021A000211,Halogen lights,Percent,239,units,0,v44185227,3.3,15.0,E,,,0
272,2013,Prince Edward Island,2021A000211,"Light emitting diode (LED) lights, excluding LED holiday lights",Percent,239,units,0,v53599724,3.8,13.0,E,,,0
273,2013,Prince Edward Island,2021A000211,Light emitting diode (LED) holiday lights,Percent,239,units,0,v44185228,3.4,46.0,,,,0
274,2013,Prince Edward Island,2021A000211,At least one type of energy-saving light,Percent,239,units,0,v44185229,3.5,94.0,,,,0
275,2013,Prince Edward Island,2021A000211,"At least one type of energy-saving light, excluding light emitting diode (LED) holiday lights",Percent,239,units,0,v44185230,3.6,89.0,,,,0
276,2013,Prince Edward Island,2021A000211,No energy saving lights,Percent,239,units,0,v44185231,3.7,,F,,,0
277,2013,Nova Scotia,2021A000212,Compact fluorescent lights,Percent,239,units,0,v44185232,4.1,84.0,,,,0
278,2013,Nova Scotia,2021A000212,Fluorescent tubes,Percent,239,units,0,v44185233,4.2,37.0,,,,0
279,2013,Nova Scotia,2021A000212,Halogen lights,Percent,239,units,0,v44185234,4.3,22.0,,,,0
280,2013,Nova Scotia,2021A000212,"Light emitting diode (LED) lights, excluding LED holiday lights",Percent,239,units,0,v53599725,4.8,14.0,,,,0
281,2013,Nova Scotia,2021A000212,Light emitting diode (LED) holiday lights,Percent,239,units,0,v44185235,4.4,45.0,,,,0
282,2013,Nova Scotia,2021A000212,At least one type of energy-saving light,Percent,239,units,0,v44185236,4.5,95.0,,,,0
283,2013,Nova Scotia,2021A000212,"At least one type of energy-saving light, excluding light emitting diode (LED) holiday lights",Percent,239,units,0,v44185237,4.6,92.0,,,,0
284,2013,Nova Scotia,2021A000212,No energy saving lights,Percent,239,units,0,v44185238,4.7,5.0,E,,,0
285,2013,New Brunswick,2021A000213,Compact fluorescent lights,Percent,239,units,0,v44185239,5.1,77.0,,,,0
286,2013,New Brunswick,2021A000213,Fluorescent tubes,Percent,239,units,0,v44185240,5.2,37.0,,,,0
287,2013,New Brunswick,2021A000213,Halogen lights,Percent,239,units,0,v44185241,5.3,21.0,,,,0
288,2013,New Brunswick,2021A000213,"Light emitting diode (LED) lights, excluding LED holiday lights",Percent,239,units,0,v53599726,5.8,11.0,,,,0
289,2013,New Brunswick,2021A000213,Light emitting diode (LED) holiday lights,Percent,239,units,0,v44185242,5.4,47.0,,,,0
290,2013,New Brunswick,2021A000213,At least one type of energy-saving light,Percent,239,units,0,v44185243,5.5,87.0,,,,0
291,2013,New Brunswick,2021A000213,"At least one type of energy-saving light, excluding light emitting diode (LED) holiday lights",Percent,239,units,0,v44185244,5.6,85.0,,,,0
292,2013,New Brunswick,2021A000213,No energy saving lights,Percent,239,units,0,v44185245,5.7,12.0,,,,0
293,2013,Quebec,2021A000224,Compact fluorescent lights,Percent,239,units,0,v44185246,6.1,67.0,,,,0
294,2013,Quebec,2021A000224,Fluorescent tubes,Percent,239,units,0,v44185247,6.2,34.0,,,,0
295,2013,Quebec,2021A000224,Halogen lights,Percent,239,units,0,v44185248,6.3,49.0,,,,0
296,2013,Quebec,2021A000224,"Light emitting diode (LED) lights, excluding LED holiday lights",Percent,239,units,0,v53599727,6.8,13.0,,,,0
297,2013,Quebec,2021A000224,Light emitting diode (LED) holiday lights,Percent,239,units,0,v44185249,6.4,41.0,,,,0
298,2013,Quebec,2021A000224,At least one type of energy-saving light,Percent,239,units,0,v44185250,6.5,88.0,,,,0
299,2013,Quebec,2021A000224,"At least one type of energy-saving light, excluding light emitting diode (LED) holiday lights",Percent,239,units,0,v44185251,6.6,85.0,,,,0
300,2013,Quebec,2021A000224,No energy saving lights,Percent,239,units,0,v44185252,6.7,11.0,,,,0
301,2013,Ontario,2021A000235,Compact fluorescent lights,Percent,239,units,0,v44185253,7.1,77.0,,,,0
302,2013,Ontario,2021A000235,Fluorescent tubes,Percent,239,units,0,v44185254,7.2,43.0,,,,0
303,2013,Ontario,2021A000235,Halogen lights,Percent,239,units,0,v44185255,7.3,32.0,,,,0
304,2013,Ontario,2021A000235,"Light emitting diode (LED) lights, excluding LED holiday lights",Percent,239,units,0,v53599728,7.8,12.0,,,,0
305,2013,Ontario,2021A000235,Light emitting diode (LED) holiday lights,Percent,239,units,0,v44185256,7.4,38.0,,,,0
306,2013,Ontario,2021A000235,At least one type of energy-saving light,Percent,239,units,0,v44185257,7.5,89.0,,,,0
307,2013,Ontario,2021A000235,"At least one type of energy-saving light, excluding light emitting diode (LED) holiday lights",Percent,239,units,0,v44185258,7.6,87.0,,,,0
308,2013,Ontario,2021A000235,No energy saving lights,Percent,239,units,0,v44185259,7.7,10.0,,,,0
309,2013,Manitoba,2021A000246,Compact fluorescent lights,Percent,239,units,0,v44185260,8.1,69.0,,,,0
310,2013,Manitoba,2021A000246,Fluorescent tubes,Percent,239,units,0,v44185261,8.2,51.0,,,,0
311,2013,Manitoba,2021A000246,Halogen lights,Percent,239,units,0,v44185262,8.3,37.0,,,,0
312,2013,Manitoba,2021A000246,"Light emitting diode (LED) lights, excluding LED holiday lights",Percent,239,units,0,v53599729,8.8,11.0,,,,0
313,2013,Manitoba,2021A000246,Light emitting diode (LED) holiday lights,Percent,239,units,0,v44185263,8.4,37.0,,,,0
314,2013,Manitoba,2021A000246,At least one type of energy-saving light,Percent,239,units,0,v44185264,8.5,88.0,,,,0
315,2013,Manitoba,2021A000246,"At least one type of energy-saving light, excluding light emitting diode (LED) holiday lights",Percent,239,units,0,v44185265,8.6,86.0,,,,0
316,2013,Manitoba,2021A000246,No energy saving lights,Percent,239,units,0,v44185266,8.7,12.0,,,,0
317,2013,Saskatchewan,2021A000247,Compact fluorescent lights,Percent,239,units,0,v44185267,9.1,71.0,,,,0
318,2013,Saskatchewan,2021A000247,Fluorescent tubes,Percent,239,units,0,v44185268,9.2,43.0,,,,0
319,2013,Saskatchewan,2021A000247,Halogen lights,Percent,239,units,0,v44185269,9.3,27.0,,,,0
320,2013,Saskatchewan,2021A000247,"Light emitting diode (LED) lights, excluding LED holiday lights",Percent,239,units,0,v53599730,9.8,10.0,,,,0
321,2013,Saskatchewan,2021A000247,Light emitting diode (LED) holiday lights,Percent,239,units,0,v44185270,9.4,34.0,,,,0
322,2013,Saskatchewan,2021A000247,At least one type of energy-saving light,Percent,239,units,0,v44185271,9.5,88.0,,,,0
323,2013,Saskatchewan,2021A000247,"At least one type of energy-saving light, excluding light emitting diode (LED) holiday lights",Percent,239,units,0,v44185272,9.6,85.0,,,,0
324,2013,Saskatchewan,2021A000247,No energy saving lights,Percent,239,units,0,v44185273,9.7,12.0,,,,0
325,2013,Alberta,2021A000248,Compact fluorescent lights,Percent,239,units,0,v44185274,10.1,67.0,,,,0
326,2013,Alberta,2021A000248,Fluorescent tubes,Percent,239,units,0,v44185275,10.2,44.0,,,,0
327,2013,Alberta,2021A000248,Halogen lights,Percent,239,units,0,v44185276,10.3,35.0,,,,0
328,2013,Alberta,2021A000248,"Light emitting diode (LED) lights, excluding LED holiday lights",Percent,239,units,0,v53599731,10.8,18.0,,,,0
329,2013,Alberta,2021A000248,Light emitting diode (LED) holiday lights,Percent,239,units,0,v44185277,10.4,36.0,,,,0
330,2013,Alberta,2021A000248,At least one type of energy-saving light,Percent,239,units,0,v44185278,10.5,88.0,,,,0
331,2013,Alberta,2021A000248,"At least one type of energy-saving light, excluding light emitting diode (LED) holiday lights",Percent,239,units,0,v44185279,10.6,85.0,,,,0
332,2013,Alberta,2021A000248,No energy saving lights,Percent,239,units,0,v44185280,10.7,11.0,,,,0
333,2013,British Columbia,2021A000259,Compact fluorescent lights,Percent,239,units,0,v44185281,11.1,71.0,,,,0
334,2013,British Columbia,2021A000259,Fluorescent tubes,Percent,239,units,0,v44185282,11.2,44.0,,,,0
335,2013,British Columbia,2021A000259,Halogen lights,Percent,239,units,0,v44185283,11.3,36.0,,,,0
336,2013,British Columbia,2021A000259,"Light emitting diode (LED) lights, excluding LED holiday lights",Percent,239,units,0,v53599732,11.8,19.0,,,,0
337,2013,British Columbia,2021A000259,Light emitting diode (LED) holiday lights,Percent,239,units,0,v44185284,11.4,43.0,,,,0
338,2013,British Columbia,2021A000259,At least one type of energy-saving light,Percent,239,units,0,v44185285,11.5,90.0,,,,0
339,2013,British Columbia,2021A000259,"At least one type of energy-saving light, excluding light emitting diode (LED) holiday lights",Percent,239,units,0,v44185286,11.6,88.0,,,,0
340,2013,British Columbia,2021A000259,No energy saving lights,Percent,239,units,0,v44185287,11.7,9.0,,,,0
341,2013,Total census metropolitan areas,,Compact fluorescent lights,Percent,239,units,0,v92073102,12.1,71.0,,,,0
342,2013,Total census metropolitan areas,,Fluorescent tubes,Percent,239,units,0,v92073103,12.2,40.0,,,,0
343,2013,Total census metropolitan areas,,Halogen lights,Percent,239,units,0,v92073104,12.3,38.0,,,,0
344,2013,Total census metropolitan areas,,"Light emitting diode (LED) lights, excluding LED holiday lights",Percent,239,units,0,v92073105,12.8,14.0,,,,0
345,2013,Total census metropolitan areas,,Light emitting diode (LED) holiday lights,Percent,239,units,0,v92073106,12.4,38.0,,,,0
346,2013,Total census metropolitan areas,,At least one type of energy-saving light,Percent,239,units,0,v92073107,12.5,88.0,,,,0
347,2013,Total census metropolitan areas,,"At least one type of energy-saving light, excluding light emitting diode (LED) holiday lights",Percent,239,units,0,v92073108,12.6,86.0,,,,0
348,2013,Total census metropolitan areas,,No energy saving lights,Percent,239,units,0,v92073109,12.7,11.0,,,,0
349,2013,"St. John's, Newfoundland and Labrador",2016S05031,Compact fluorescent lights,Percent,239,units,0,v92073110,13.1,72.0,,,,0
350,2013,"St. John's, Newfoundland and Labrador",2016S05031,Fluorescent tubes,Percent,239,units,0,v92073111,13.2,28.0,,,,0
351,2013,"St. John's, Newfoundland and Labrador",2016S05031,Halogen lights,Percent,239,units,0,v92073112,13.3,28.0,E,,,0
352,2013,"St. John's, Newfoundland and Labrador",2016S05031,"Light emitting diode (LED) lights, excluding LED holiday lights",Percent,239,units,0,v92073113,13.8,11.0,E,,,0
353,2013,"St. John's, Newfoundland and Labrador",2016S05031,Light emitting diode (LED) holiday lights,Percent,239,units,0,v92073114,13.4,50.0,,,,0
354,2013,"St. John's, Newfoundland and Labrador",2016S05031,At least one type of energy-saving light,Percent,239,units,0,v92073115,13.5,87.0,,,,0
355,2013,"St. John's, Newfoundland and Labrador",2016S05031,"At least one type of energy-saving light, excluding light emitting diode (LED) holiday lights",Percent,239,units,0,v92073116,13.6,82.0,,,,0
356,2013,"St. John's, Newfoundland and Labrador",2016S05031,No energy saving lights,Percent,239,units,0,v92073117,13.7,,F,,,0
357,2013,"Halifax, Nova Scotia",2016S0503205,Compact fluorescent lights,Percent,239,units,0,v92073118,14.1,83.0,,,,0
358,2013,"Halifax, Nova Scotia",2016S0503205,Fluorescent tubes,Percent,239,units,0,v92073119,14.2,35.0,,,,0
359,2013,"Halifax, Nova Scotia",2016S0503205,Halogen lights,Percent,239,units,0,v92073120,14.3,29.0,E,,,0
360,2013,"Halifax, Nova Scotia",2016S0503205,"Light emitting diode (LED) lights, excluding LED holiday lights",Percent,239,units,0,v92073121,14.8,15.0,E,,,0
361,2013,"Halifax, Nova Scotia",2016S0503205,Light emitting diode (LED) holiday lights,Percent,239,units,0,v92073122,14.4,48.0,,,,0
362,2013,"Halifax, Nova Scotia",2016S0503205,At least one type of energy-saving light,Percent,239,units,0,v92073123,14.5,95.0,,,,0
363,2013,"Halifax, Nova Scotia",2016S0503205,"At least one type of energy-saving light, excluding light emitting diode (LED) holiday lights",Percent,239,units,0,v92073124,14.6,90.0,,,,0
364,2013,"Halifax, Nova Scotia",2016S0503205,No energy saving lights,Percent,239,units,0,v92073125,14.7,,F,,,0
365,2013,"Moncton, New Brunswick",2016S0503305,Compact fluorescent lights,Percent,239,units,0,v92073126,15.1,78.0,,,,0
366,2013,"Moncton, New Brunswick",2016S0503305,Fluorescent tubes,Percent,239,units,0,v92073127,15.2,32.0,E,,,0
367,2013,"Moncton, New Brunswick",2016S0503305,Halogen lights,Percent,239,units,0,v92073128,15.3,,F,,,0
368,2013,"Moncton, New Brunswick",2016S0503305,"Light emitting diode (LED) lights, excluding LED holiday lights",Percent,239,units,0,v92073129,15.8,,F,,,0
369,2013,"Moncton, New Brunswick",2016S0503305,Light emitting diode (LED) holiday lights,Percent,239,units,0,v92073130,15.4,43.0,,,,0
370,2013,"Moncton, New Brunswick",2016S0503305,At least one type of energy-saving light,Percent,239,units,0,v92073131,15.5,84.0,,,,0
371,2013,"Moncton, New Brunswick",2016S0503305,"At least one type of energy-saving light, excluding light emitting diode (LED) holiday lights",Percent,239,units,0,v92073132,15.6,83.0,,,,0
372,2013,"Moncton, New Brunswick",2016S0503305,No energy saving lights,Percent,239,units,0,v92073133,15.7,,F,,,0
373,2013,"Saint John, New Brunswick",2016S0503310,Compact fluorescent lights,Percent,239,units,0,v92073134,16.1,85.0,,,,0
374,2013,"Saint John, New Brunswick",2016S0503310,Fluorescent tubes,Percent,239,units,0,v92073135,16.2,47.0,,,,0
375,2013,"Saint John, New Brunswick",2016S0503310,Halogen lights,Percent,239,units,0,v92073136,16.3,,F,,,0
376,2013,"Saint John, New Brunswick",2016S0503310,"Light emitting diode (LED) lights, excluding LED holiday lights",Percent,239,units,0,v92073137,16.8,,F,,,0
377,2013,"Saint John, New Brunswick",2016S0503310,Light emitting diode (LED) holiday lights,Percent,239,units,0,v92073138,16.4,56.0,,,,0
378,2013,"Saint John, New Brunswick",2016S0503310,At least one type of energy-saving light,Percent,239,units,0,v92073139,16.5,98.0,,,,0
379,2013,"Saint John, New Brunswick",2016S0503310,"At least one type of energy-saving light, excluding light emitting diode (LED) holiday lights",Percent,239,units,0,v92073140,16.6,94.0,,,,0
380,2013,"Saint John, New Brunswick",2016S0503310,No energy saving lights,Percent,239,units,0,v92073141,16.7,,F,,,0
381,2013,"Saguenay, Quebec",2016S0503408,Compact fluorescent lights,Percent,239,units,0,v92073142,17.1,73.0,,,,0
382,2013,"Saguenay, Quebec",2016S0503408,Fluorescent tubes,Percent,239,units,0,v92073143,17.2,39.0,,,,0
383,2013,"Saguenay, Quebec",2016S0503408,Halogen lights,Percent,239,units,0,v92073144,17.3,50.0,,,,0
384,2013,"Saguenay, Quebec",2016S0503408,"Light emitting diode (LED) lights, excluding LED holiday lights",Percent,239,units,0,v92073145,17.8,13.0,E,,,0
385,2013,"Saguenay, Quebec",2016S0503408,Light emitting diode (LED) holiday lights,Percent,239,units,0,v92073146,17.4,44.0,,,,0
386,2013,"Saguenay, Quebec",2016S0503408,At least one type of energy-saving light,Percent,239,units,0,v92073147,17.5,92.0,,,,0
387,2013,"Saguenay, Quebec",2016S0503408,"At least one type of energy-saving light, excluding light emitting diode (LED) holiday lights",Percent,239,units,0,v92073148,17.6,90.0,,,,0
388,2013,"Saguenay, Quebec",2016S0503408,No energy saving lights,Percent,239,units,0,v92073149,17.7,,F,,,0
389,2013,"Québec, Quebec",2016S0503421,Compact fluorescent lights,Percent,239,units,0,v92073150,18.1,66.0,,,,0
390,2013,"Québec, Quebec",2016S0503421,Fluorescent tubes,Percent,239,units,0,v92073151,18.2,45.0,,,,0
391,2013,"Québec, Quebec",2016S0503421,Halogen lights,Percent,239,units,0,v92073152,18.3,50.0,,,,0
392,2013,"Québec, Quebec",2016S0503421,"Light emitting diode (LED) lights, excluding LED holiday lights",Percent,239,units,0,v92073153,18.8,15.0,,,,0
393,2013,"Québec, Quebec",2016S0503421,Light emitting diode (LED) holiday lights,Percent,239,units,0,v92073154,18.4,42.0,,,,0
394,2013,"Québec, Quebec",2016S0503421,At least one type of energy-saving light,Percent,239,units,0,v92073155,18.5,89.0,,,,0
395,2013,"Québec, Quebec",2016S0503421,"At least one type of energy-saving light, excluding light emitting diode (LED) holiday lights",Percent,239,units,0,v92073156,18.6,87.0,,,,0
396,2013,"Québec, Quebec",2016S0503421,No energy saving lights,Percent,239,units,0,v92073157,18.7,11.0,E,,,0
397,2013,"Sherbrooke, Quebec",2016S0503433,Compact fluorescent lights,Percent,239,units,0,v92073158,19.1,81.0,,,,0
398,2013,"Sherbrooke, Quebec",2016S0503433,Fluorescent tubes,Percent,239,units,0,v92073159,19.2,41.0,,,,0
399,2013,"Sherbrooke, Quebec",2016S0503433,Halogen lights,Percent,239,units,0,v92073160,19.3,53.0,,,,0
400,2013,"Sherbrooke, Quebec",2016S0503433,"Light emitting diode (LED) lights, excluding LED holiday lights",Percent,239,units,0,v92073161,19.8,22.0,E,,,0
401,2013,"Sherbrooke, Quebec",2016S0503433,Light emitting diode (LED) holiday lights,Percent,239,units,0,v92073162,19.4,44.0,,,,0
402,2013,"Sherbrooke, Quebec",2016S0503433,At least one type of energy-saving light,Percent,239,units,0,v92073163,19.5,95.0,,,,0
403,2013,"Sherbrooke, Quebec",2016S0503433,"At least one type of energy-saving light, excluding light emitting diode (LED) holiday lights",Percent,239,units,0,v92073164,19.6,94.0,,,,0
404,2013,"Sherbrooke, Quebec",2016S0503433,No energy saving lights,Percent,239,units,0,v92073165,19.7,,F,,,0
405,2013,"Trois-Rivières, Quebec",2016S0503442,Compact fluorescent lights,Percent,239,units,0,v92073166,20.1,71.0,,,,0
406,2013,"Trois-Rivières, Quebec",2016S0503442,Fluorescent tubes,Percent,239,units,0,v92073167,20.2,36.0,E,,,0
407,2013,"Trois-Rivières, Quebec",2016S0503442,Halogen lights,Percent,239,units,0,v92073168,20.3,61.0,,,,0
408,2013,"Trois-Rivières, Quebec",2016S0503442,"Light emitting diode (LED) lights, excluding LED holiday lights",Percent,239,units,0,v92073169,20.8,,F,,,0
409,2013,"Trois-Rivières, Quebec",2016S0503442,Light emitting diode (LED) holiday lights,Percent,239,units,0,v92073170,20.4,44.0,E,,,0
410,2013,"Trois-Rivières, Quebec",2016S0503442,At least one type of energy-saving light,Percent,239,units,0,v92073171,20.5,88.0,,,,0
411,2013,"Trois-Rivières, Quebec",2016S0503442,"At least one type of energy-saving light, excluding light emitting diode (LED) holiday lights",Percent,239,units,0,v92073172,20.6,86.0,,,,0
412,2013,"Trois-Rivières, Quebec",2016S0503442,No energy saving lights,Percent,239,units,0,v92073173,20.7,,F,,,0
413,2013,"Montréal, Quebec",2016S0503462,Compact fluorescent lights,Percent,239,units,0,v92073174,21.1,63.0,,,,0
414,2013,"Montréal, Quebec",2016S0503462,Fluorescent tubes,Percent,239,units,0,v92073175,21.2,30.0,,,,0
415,2013,"Montréal, Quebec",2016S0503462,Halogen lights,Percent,239,units,0,v92073176,21.3,50.0,,,,0
416,2013,"Montréal, Quebec",2016S0503462,"Light emitting diode (LED) lights, excluding LED holiday lights",Percent,239,units,0,v92073177,21.8,14.0,,,,0
417,2013,"Montréal, Quebec",2016S0503462,Light emitting diode (LED) holiday lights,Percent,239,units,0,v92073178,21.4,36.0,,,,0
418,2013,"Montréal, Quebec",2016S0503462,At least one type of energy-saving light,Percent,239,units,0,v92073179,21.5,84.0,,,,0
419,2013,"Montréal, Quebec",2016S0503462,"At least one type of energy-saving light, excluding light emitting diode (LED) holiday lights",Percent,239,units,0,v92073180,21.6,82.0,,,,0
420,2013,"Montréal, Quebec",2016S0503462,No energy saving lights,Percent,239,units,0,v92073181,21.7,14.0,,,,0
421,2013,"Ottawa-Gatineau, Ontario/Quebec",2016S0503505,Compact fluorescent lights,Percent,239,units,0,v92073182,22.1,75.0,,,,0
422,2013,"Ottawa-Gatineau, Ontario/Quebec",2016S0503505,Fluorescent tubes,Percent,239,units,0,v92073183,22.2,41.0,,,,0
423,2013,"Ottawa-Gatineau, Ontario/Quebec",2016S0503505,Halogen lights,Percent,239,units,0,v92073184,22.3,38.0,,,,0
424,2013,"Ottawa-Gatineau, Ontario/Quebec",2016S0503505,"Light emitting diode (LED) lights, excluding LED holiday lights",Percent,239,units,0,v92073185,22.8,12.0,,,,0
425,2013,"Ottawa-Gatineau, Ontario/Quebec",2016S0503505,Light emitting diode (LED) holiday lights,Percent,239,units,0,v92073186,22.4,40.0,,,,0
426,2013,"Ottawa-Gatineau, Ontario/Quebec",2016S0503505,At least one type of energy-saving light,Percent,239,units,0,v92073187,22.5,88.0,,,,0
427,2013,"Ottawa-Gatineau, Ontario/Quebec",2016S0503505,"At least one type of energy-saving light, excluding light emitting diode (LED) holiday lights",Percent,239,units,0,v92073188,22.6,87.0,,,,0
428,2013,"Ottawa-Gatineau, Ontario/Quebec",2016S0503505,No energy saving lights,Percent,239,units,0,v92073189,22.7,11.0,E,,,0
429,2013,Ottawa-Gatineau (Quebec part),2016S050524505,Compact fluorescent lights,Percent,239,units,0,v92073190,23.1,76.0,,,,0
430,2013,Ottawa-Gatineau (Quebec part),2016S050524505,Fluorescent tubes,Percent,239,units,0,v92073191,23.2,35.0,,,,0
431,2013,Ottawa-Gatineau (Quebec part),2016S050524505,Halogen lights,Percent,239,units,0,v92073192,23.3,49.0,,,,0
432,2013,Ottawa-Gatineau (Quebec part),2016S050524505,"Light emitting diode (LED) lights, excluding LED holiday lights",Percent,239,units,0,v92073193,23.8,9.0,E,,,0
433,2013,Ottawa-Gatineau (Quebec part),2016S050524505,Light emitting diode (LED) holiday lights,Percent,239,units,0,v92073194,23.4,48.0,,,,0
434,2013,Ottawa-Gatineau (Quebec part),2016S050524505,At least one type of energy-saving light,Percent,239,units,0,v92073195,23.5,93.0,,,,0
435,2013,Ottawa-Gatineau (Quebec part),2016S050524505,"At least one type of energy-saving light, excluding light emitting diode (LED) holiday lights",Percent,239,units,0,v92073196,23.6,89.0,,,,0
436,2013,Ottawa-Gatineau (Quebec part),2016S050524505,No energy saving lights,Percent,239,units,0,v92073197,23.7,,F,,,0
437,2013,Ottawa-Gatineau (Ontario part),2016S050535505,Compact fluorescent lights,Percent,239,units,0,v92073198,24.1,74.0,,,,0
438,2013,Ottawa-Gatineau (Ontario part),2016S050535505,Fluorescent tubes,Percent,239,units,0,v92073199,24.2,44.0,,,,0
439,2013,Ottawa-Gatineau (Ontario part),2016S050535505,Halogen lights,Percent,239,units,0,v92073200,24.3,34.0,,,,0
440,2013,Ottawa-Gatineau (Ontario part),2016S050535505,"Light emitting diode (LED) lights, excluding LED holiday lights",Percent,239,units,0,v92073201,24.8,13.0,,,,0
441,2013,Ottawa-Gatineau (Ontario part),2016S050535505,Light emitting diode (LED) holiday lights,Percent,239,units,0,v92073202,24.4,37.0,,,,0
442,2013,Ottawa-Gatineau (Ontario part),2016S050535505,At least one type of energy-saving light,Percent,239,units,0,v92073203,24.5,87.0,,,,0
443,2013,Ottawa-Gatineau (Ontario part),2016S050535505,"At least one type of energy-saving light, excluding light emitting diode (LED) holiday lights",Percent,239,units,0,v92073204,24.6,86.0,,,,0
444,2013,Ottawa-Gatineau (Ontario part),2016S050535505,No energy saving lights,Percent,239,units,0,v92073205,24.7,12.0,E,,,0
445,2013,"Kingston, Ontario",2016S0503521,Compact fluorescent lights,Percent,239,units,0,v92073206,25.1,83.0,,,,0
446,2013,"Kingston, Ontario",2016S0503521,Fluorescent tubes,Percent,239,units,0,v92073207,25.2,58.0,,,,0
447,2013,"Kingston, Ontario",2016S0503521,Halogen lights,Percent,239,units,0,v92073208,25.3,25.0,,,,0
448,2013,"Kingston, Ontario",2016S0503521,"Light emitting diode (LED) lights, excluding LED holiday lights",Percent,239,units,0,v92073209,25.8,12.0,E,,,0
449,2013,"Kingston, Ontario",2016S0503521,Light emitting diode (LED) holiday lights,Percent,239,units,0,v92073210,25.4,37.0,,,,0
450,2013,"Kingston, Ontario",2016S0503521,At least one type of energy-saving light,Percent,239,units,0,v92073211,25.5,96.0,,,,0
451,2013,"Kingston, Ontario",2016S0503521,"At least one type of energy-saving light, excluding light emitting diode (LED) holiday lights",Percent,239,units,0,v92073212,25.6,95.0,,,,0
452,2013,"Kingston, Ontario",2016S0503521,No energy saving lights,Percent,239,units,0,v92073213,25.7,,F,,,0
453,2013,"Peterborough, Ontario",2016S0503529,Compact fluorescent lights,Percent,239,units,0,v92073214,26.1,82.0,,,,0
454,2013,"Peterborough, Ontario",2016S0503529,Fluorescent tubes,Percent,239,units,0,v92073215,26.2,64.0,,,,0
455,2013,"Peterborough, Ontario",2016S0503529,Halogen lights,Percent,239,units,0,v92073216,26.3,39.0,,,,0
456,2013,"Peterborough, Ontario",2016S0503529,"Light emitting diode (LED) lights, excluding LED holiday lights",Percent,239,units,0,v92073217,26.8,19.0,E,,,0
457,2013,"Peterborough, Ontario",2016S0503529,Light emitting diode (LED) holiday lights,Percent,239,units,0,v92073218,26.4,50.0,,,,0
458,2013,"Peterborough, Ontario",2016S0503529,At least one type of energy-saving light,Percent,239,units,0,v92073219,26.5,99.0,,,,0
459,2013,"Peterborough, Ontario",2016S0503529,"At least one type of energy-saving light, excluding light emitting diode (LED) holiday lights",Percent,239,units,0,v92073220,26.6,96.0,,,,0
460,2013,"Peterborough, Ontario",2016S0503529,No energy saving lights,Percent,239,units,0,v92073221,26.7,,F,,,0
461,2013,"Oshawa, Ontario",2016S0503532,Compact fluorescent lights,Percent,239,units,0,v92073222,27.1,77.0,,,,0
462,2013,"Oshawa, Ontario",2016S0503532,Fluorescent tubes,Percent,239,units,0,v92073223,27.2,41.0,E,,,0
463,2013,"Oshawa, Ontario",2016S0503532,Halogen lights,Percent,239,units,0,v92073224,27.3,27.0,E,,,0
464,2013,"Oshawa, Ontario",2016S0503532,"Light emitting diode (LED) lights, excluding LED holiday lights",Percent,239,units,0,v92073225,27.8,15.0,E,,,0
465,2013,"Oshawa, Ontario",2016S0503532,Light emitting diode (LED) holiday lights,Percent,239,units,0,v92073226,27.4,41.0,E,,,0
466,2013,"Oshawa, Ontario",2016S0503532,At least one type of energy-saving light,Percent,239,units,0,v92073227,27.5,87.0,,,,0
467,2013,"Oshawa, Ontario",2016S0503532,"At least one type of energy-saving light, excluding light emitting diode (LED) holiday lights",Percent,239,units,0,v92073228,27.6,84.0,,,,0
468,2013,"Oshawa, Ontario",2016S0503532,No energy saving lights,Percent,239,units,0,v92073229,27.7,,F,,,0
469,2013,"Toronto, Ontario",2016S0503535,Compact fluorescent lights,Percent,239,units,0,v92073230,28.1,74.0,,,,0
470,2013,"Toronto, Ontario",2016S0503535,Fluorescent tubes,Percent,239,units,0,v92073231,28.2,38.0,,,,0
471,2013,"Toronto, Ontario",2016S0503535,Halogen lights,Percent,239,units,0,v92073232,28.3,33.0,,,,0
472,2013,"Toronto, Ontario",2016S0503535,"Light emitting diode (LED) lights, excluding LED holiday lights",Percent,239,units,0,v92073233,28.8,12.0,,,,0
473,2013,"Toronto, Ontario",2016S0503535,Light emitting diode (LED) holiday lights,Percent,239,units,0,v92073234,28.4,33.0,,,,0
474,2013,"Toronto, Ontario",2016S0503535,At least one type of energy-saving light,Percent,239,units,0,v92073235,28.5,86.0,,,,0
475,2013,"Toronto, Ontario",2016S0503535,"At least one type of energy-saving light, excluding light emitting diode (LED) holiday lights",Percent,239,units,0,v92073236,28.6,85.0,,,,0
476,2013,"Toronto, Ontario",2016S0503535,No energy saving lights,Percent,239,units,0,v92073237,28.7,13.0,,,,0
477,2013,"Hamilton, Ontario",2016S0503537,Compact fluorescent lights,Percent,239,units,0,v92073238,29.1,72.0,,,,0
478,2013,"Hamilton, Ontario",2016S0503537,Fluorescent tubes,Percent,239,units,0,v92073239,29.2,44.0,,,,0
479,2013,"Hamilton, Ontario",2016S0503537,Halogen lights,Percent,239,units,0,v92073240,29.3,31.0,,,,0
480,2013,"Hamilton, Ontario",2016S0503537,"Light emitting diode (LED) lights, excluding LED holiday lights",Percent,239,units,0,v92073241,29.8,15.0,E,,,0
481,2013,"Hamilton, Ontario",2016S0503537,Light emitting diode (LED) holiday lights,Percent,239,units,0,v92073242,29.4,41.0,,,,0
482,2013,"Hamilton, Ontario",2016S0503537,At least one type of energy-saving light,Percent,239,units,0,v92073243,29.5,86.0,,,,0
483,2013,"Hamilton, Ontario",2016S0503537,"At least one type of energy-saving light, excluding light emitting diode (LED) holiday lights",Percent,239,units,0,v92073244,29.6,85.0,,,,0
484,2013,"Hamilton, Ontario",2016S0503537,No energy saving lights,Percent,239,units,0,v92073245,29.7,13.0,E,,,0
485,2013,"St. Catharines-Niagara, Ontario",2016S0503539,Compact fluorescent lights,Percent,239,units,0,v92073246,30.1,83.0,,,,0
486,2013,"St. Catharines-Niagara, Ontario",2016S0503539,Fluorescent tubes,Percent,239,units,0,v92073247,30.2,48.0,,,,0
487,2013,"St. Catharines-Niagara, Ontario",2016S0503539,Halogen lights,Percent,239,units,0,v92073248,30.3,38.0,E,,,0
488,2013,"St. Catharines-Niagara, Ontario",2016S0503539,"Light emitting diode (LED) lights, excluding LED holiday lights",Percent,239,units,0,v92073249,30.8,11.0,E,,,0
489,2013,"St. Catharines-Niagara, Ontario",2016S0503539,Light emitting diode (LED) holiday lights,Percent,239,units,0,v92073250,30.4,37.0,,,,0
490,2013,"St. Catharines-Niagara, Ontario",2016S0503539,At least one type of energy-saving light,Percent,239,units,0,v92073251,30.5,91.0,,,,0
491,2013,"St. Catharines-Niagara, Ontario",2016S0503539,"At least one type of energy-saving light, excluding light emitting diode (LED) holiday lights",Percent,239,units,0,v92073252,30.6,90.0,,,,0
492,2013,"St. Catharines-Niagara, Ontario",2016S0503539,No energy saving lights,Percent,239,units,0,v92073253,30.7,,F,,,0
493,2013,"Kitchener-Cambridge-Waterloo, Ontario",2016S0503541,Compact fluorescent lights,Percent,239,units,0,v92073254,31.1,80.0,,,,0
494,2013,"Kitchener-Cambridge-Waterloo, Ontario",2016S0503541,Fluorescent tubes,Percent,239,units,0,v92073255,31.2,54.0,,,,0
495,2013,"Kitchener-Cambridge-Waterloo, Ontario",2016S0503541,Halogen lights,Percent,239,units,0,v92073256,31.3,35.0,,,,0
496,2013,"Kitchener-Cambridge-Waterloo, Ontario",2016S0503541,"Light emitting diode (LED) lights, excluding LED holiday lights",Percent,239,units,0,v92073257,31.8,13.0,E,,,0
497,2013,"Kitchener-Cambridge-Waterloo, Ontario",2016S0503541,Light emitting diode (LED) holiday lights,Percent,239,units,0,v92073258,31.4,43.0,,,,0
498,2013,"Kitchener-Cambridge-Waterloo, Ontario",2016S0503541,At least one type of energy-saving light,Percent,239,units,0,v92073259,31.5,95.0,,,,0
499,2013,"Kitchener-Cambridge-Waterloo, Ontario",2016S0503541,"At least one type of energy-saving light, excluding light emitting diode (LED) holiday lights",Percent,239,units,0,v92073260,31.6,94.0,,,,0
500,2013,"Kitchener-Cambridge-Waterloo, Ontario",2016S0503541,No energy saving lights,Percent,239,units,0,v92073261,31.7,,F,,,0
501,2013,"Brantford, Ontario",2016S0503543,Compact fluorescent lights,Percent,239,units,0,v92073262,32.1,80.0,,,,0
502,2013,"Brantford, Ontario",2016S0503543,Fluorescent tubes,Percent,239,units,0,v92073263,32.2,44.0,,,,0
503,2013,"Brantford, Ontario",2016S0503543,Halogen lights,Percent,239,units,0,v92073264,32.3,22.0,E,,,0
504,2013,"Brantford, Ontario",2016S0503543,"Light emitting diode (LED) lights, excluding LED holiday lights",Percent,239,units,0,v92073265,32.8,,F,,,0
505,2013,"Brantford, Ontario",2016S0503543,Light emitting diode (LED) holiday lights,Percent,239,units,0,v92073266,32.4,44.0,,,,0
506,2013,"Brantford, Ontario",2016S0503543,At least one type of energy-saving light,Percent,239,units,0,v92073267,32.5,90.0,,,,0
507,2013,"Brantford, Ontario",2016S0503543,"At least one type of energy-saving light, excluding light emitting diode (LED) holiday lights",Percent,239,units,0,v92073268,32.6,88.0,,,,0
508,2013,"Brantford, Ontario",2016S0503543,No energy saving lights,Percent,239,units,0,v92073269,32.7,,F,,,0
509,2013,"Guelph, Ontario",2016S0503550,Compact fluorescent lights,Percent,239,units,0,v92073270,33.1,80.0,,,,0
510,2013,"Guelph, Ontario",2016S0503550,Fluorescent tubes,Percent,239,units,0,v92073271,33.2,52.0,,,,0
511,2013,"Guelph, Ontario",2016S0503550,Halogen lights,Percent,239,units,0,v92073272,33.3,33.0,E,,,0
512,2013,"Guelph, Ontario",2016S0503550,"Light emitting diode (LED) lights, excluding LED holiday lights",Percent,239,units,0,v92073273,33.8,16.0,E,,,0
513,2013,"Guelph, Ontario",2016S0503550,Light emitting diode (LED) holiday lights,Percent,239,units,0,v92073274,33.4,38.0,,,,0
514,2013,"Guelph, Ontario",2016S0503550,At least one type of energy-saving light,Percent,239,units,0,v92073275,33.5,87.0,,,,0
515,2013,"Guelph, Ontario",2016S0503550,"At least one type of energy-saving light, excluding light emitting diode (LED) holiday lights",Percent,239,units,0,v92073276,33.6,86.0,,,,0
516,2013,"Guelph, Ontario",2016S0503550,No energy saving lights,Percent,239,units,0,v92073277,33.7,,F,,,0
517,2013,"London, Ontario",2016S0503555,Compact fluorescent lights,Percent,239,units,0,v92073278,34.1,78.0,,,,0
518,2013,"London, Ontario",2016S0503555,Fluorescent tubes,Percent,239,units,0,v92073279,34.2,45.0,,,,0
519,2013,"London, Ontario",2016S0503555,Halogen lights,Percent,239,units,0,v92073280,34.3,39.0,,,,0
520,2013,"London, Ontario",2016S0503555,"Light emitting diode (LED) lights, excluding LED holiday lights",Percent,239,units,0,v92073281,34.8,10.0,E,,,0
521,2013,"London, Ontario",2016S0503555,Light emitting diode (LED) holiday lights,Percent,239,units,0,v92073282,34.4,45.0,,,,0
522,2013,"London, Ontario",2016S0503555,At least one type of energy-saving light,Percent,239,units,0,v92073283,34.5,89.0,,,,0
523,2013,"London, Ontario",2016S0503555,"At least one type of energy-saving light, excluding light emitting diode (LED) holiday lights",Percent,239,units,0,v92073284,34.6,88.0,,,,0
524,2013,"London, Ontario",2016S0503555,No energy saving lights,Percent,239,units,0,v92073285,34.7,10.0,E,,,0
525,2013,"Windsor, Ontario",2016S0503559,Compact fluorescent lights,Percent,239,units,0,v92073286,35.1,75.0,,,,0
526,2013,"Windsor, Ontario",2016S0503559,Fluorescent tubes,Percent,239,units,0,v92073287,35.2,51.0,,,,0
527,2013,"Windsor, Ontario",2016S0503559,Halogen lights,Percent,239,units,0,v92073288,35.3,29.0,E,,,0
528,2013,"Windsor, Ontario",2016S0503559,"Light emitting diode (LED) lights, excluding LED holiday lights",Percent,239,units,0,v92073289,35.8,13.0,E,,,0
529,2013,"Windsor, Ontario",2016S0503559,Light emitting diode (LED) holiday lights,Percent,239,units,0,v92073290,35.4,45.0,,,,0
530,2013,"Windsor, Ontario",2016S0503559,At least one type of energy-saving light,Percent,239,units,0,v92073291,35.5,89.0,,,,0
531,2013,"Windsor, Ontario",2016S0503559,"At least one type of energy-saving light, excluding light emitting diode (LED) holiday lights",Percent,239,units,0,v92073292,35.6,87.0,,,,0
532,2013,"Windsor, Ontario",2016S0503559,No energy saving lights,Percent,239,units,0,v92073293,35.7,,F,,,0
533,2013,"Barrie, Ontario",2016S0503568,Compact fluorescent lights,Percent,239,units,0,v92073294,36.1,83.0,,,,0
534,2013,"Barrie, Ontario",2016S0503568,Fluorescent tubes,Percent,239,units,0,v92073295,36.2,41.0,,,,0
535,2013,"Barrie, Ontario",2016S0503568,Halogen lights,Percent,239,units,0,v92073296,36.3,29.0,,,,0
536,2013,"Barrie, Ontario",2016S0503568,"Light emitting diode (LED) lights, excluding LED holiday lights",Percent,239,units,0,v92073297,36.8,8.0,E,,,0
537,2013,"Barrie, Ontario",2016S0503568,Light emitting diode (LED) holiday lights,Percent,239,units,0,v92073298,36.4,45.0,,,,0
538,2013,"Barrie, Ontario",2016S0503568,At least one type of energy-saving light,Percent,239,units,0,v92073299,36.5,95.0,,,,0
539,2013,"Barrie, Ontario",2016S0503568,"At least one type of energy-saving light, excluding light emitting diode (LED) holiday lights",Percent,239,units,0,v92073300,36.6,94.0,,,,0
540,2013,"Barrie, Ontario",2016S0503568,No energy saving lights,Percent,239,units,0,v92073301,36.7,,F,,,0
541,2013,"Greater Sudbury, Ontario",2016S0503580,Compact fluorescent lights,Percent,239,units,0,v92073302,37.1,77.0,,,,0
542,2013,"Greater Sudbury, Ontario",2016S0503580,Fluorescent tubes,Percent,239,units,0,v92073303,37.2,46.0,,,,0
543,2013,"Greater Sudbury, Ontario",2016S0503580,Halogen lights,Percent,239,units,0,v92073304,37.3,20.0,E,,,0
544,2013,"Greater Sudbury, Ontario",2016S0503580,"Light emitting diode (LED) lights, excluding LED holiday lights",Percent,239,units,0,v92073305,37.8,9.0,E,,,0
545,2013,"Greater Sudbury, Ontario",2016S0503580,Light emitting diode (LED) holiday lights,Percent,239,units,0,v92073306,37.4,36.0,,,,0
546,2013,"Greater Sudbury, Ontario",2016S0503580,At least one type of energy-saving light,Percent,239,units,0,v92073307,37.5,88.0,,,,0
547,2013,"Greater Sudbury, Ontario",2016S0503580,"At least one type of energy-saving light, excluding light emitting diode (LED) holiday lights",Percent,239,units,0,v92073308,37.6,87.0,,,,0
548,2013,"Greater Sudbury, Ontario",2016S0503580,No energy saving lights,Percent,239,units,0,v92073309,37.7,,F,,,0
549,2013,"Thunder Bay, Ontario",2016S0503595,Compact fluorescent lights,Percent,239,units,0,v92073310,38.1,83.0,,,,0
550,2013,"Thunder Bay, Ontario",2016S0503595,Fluorescent tubes,Percent,239,units,0,v92073311,38.2,42.0,,,,0
551,2013,"Thunder Bay, Ontario",2016S0503595,Halogen lights,Percent,239,units,0,v92073312,38.3,30.0,,,,0
552,2013,"Thunder Bay, Ontario",2016S0503595,"Light emitting diode (LED) lights, excluding LED holiday lights",Percent,239,units,0,v92073313,38.8,,F,,,0
553,2013,"Thunder Bay, Ontario",2016S0503595,Light emitting diode (LED) holiday lights,Percent,239,units,0,v92073314,38.4,46.0,,,,0
554,2013,"Thunder Bay, Ontario",2016S0503595,At least one type of energy-saving light,Percent,239,units,0,v92073315,38.5,93.0,,,,0
555,2013,"Thunder Bay, Ontario",2016S0503595,"At least one type of energy-saving light, excluding light emitting diode (LED) holiday lights",Percent,239,units,0,v92073316,38.6,92.0,,,,0
556,2013,"Thunder Bay, Ontario",2016S0503595,No energy saving lights,Percent,239,units,0,v92073317,38.7,,F,,,0
557,2013,"Winnipeg, Manitoba",2016S0503602,Compact fluorescent lights,Percent,239,units,0,v92073318,39.1,68.0,,,,0
558,2013,"Winnipeg, Manitoba",2016S0503602,Fluorescent tubes,Percent,239,units,0,v92073319,39.2,50.0,,,,0
559,2013,"Winnipeg, Manitoba",2016S0503602,Halogen lights,Percent,239,units,0,v92073320,39.3,42.0,,,,0
560,2013,"Winnipeg, Manitoba",2016S0503602,"Light emitting diode (LED) lights, excluding LED holiday lights",Percent,239,units,0,v92073321,39.8,11.0,E,,,0
561,2013,"Winnipeg, Manitoba",2016S0503602,Light emitting diode (LED) holiday lights,Percent,239,units,0,v92073322,39.4,37.0,,,,0
562,2013,"Winnipeg, Manitoba",2016S0503602,At least one type of energy-saving light,Percent,239,units,0,v92073323,39.5,87.0,,,,0
563,2013,"Winnipeg, Manitoba",2016S0503602,"At least one type of energy-saving light, excluding light emitting diode (LED) holiday lights",Percent,239,units,0,v92073324,39.6,86.0,,,,0
564,2013,"Winnipeg, Manitoba",2016S0503602,No energy saving lights,Percent,239,units,0,v92073325,39.7,12.0,E,,,0
565,2013,"Regina, Saskatchewan",2016S0503705,Compact fluorescent lights,Percent,239,units,0,v92073326,40.1,71.0,,,,0
566,2013,"Regina, Saskatchewan",2016S0503705,Fluorescent tubes,Percent,239,units,0,v92073327,40.2,37.0,,,,0
567,2013,"Regina, Saskatchewan",2016S0503705,Halogen lights,Percent,239,units,0,v92073328,40.3,28.0,,,,0
568,2013,"Regina, Saskatchewan",2016S0503705,"Light emitting diode (LED) lights, excluding LED holiday lights",Percent,239,units,0,v92073329,40.8,13.0,E,,,0
569,2013,"Regina, Saskatchewan",2016S0503705,Light emitting diode (LED) holiday lights,Percent,239,units,0,v92073330,40.4,35.0,,,,0
570,2013,"Regina, Saskatchewan",2016S0503705,At least one type of energy-saving light,Percent,239,units,0,v92073331,40.5,90.0,,,,0
571,2013,"Regina, Saskatchewan",2016S0503705,"At least one type of energy-saving light, excluding light emitting diode (LED) holiday lights",Percent,239,units,0,v92073332,40.6,81.0,,,,0
572,2013,"Regina, Saskatchewan",2016S0503705,No energy saving lights,Percent,239,units,0,v92073333,40.7,,F,,,0
573,2013,"Saskatoon, Saskatchewan",2016S0503725,Compact fluorescent lights,Percent,239,units,0,v92073334,41.1,74.0,,,,0
574,2013,"Saskatoon, Saskatchewan",2016S0503725,Fluorescent tubes,Percent,239,units,0,v92073335,41.2,44.0,,,,0
575,2013,"Saskatoon, Saskatchewan",2016S0503725,Halogen lights,Percent,239,units,0,v92073336,41.3,34.0,,,,0
576,2013,"Saskatoon, Saskatchewan",2016S0503725,"Light emitting diode (LED) lights, excluding LED holiday lights",Percent,239,units,0,v92073337,41.8,8.0,E,,,0
577,2013,"Saskatoon, Saskatchewan",2016S0503725,Light emitting diode (LED) holiday lights,Percent,239,units,0,v92073338,41.4,32.0,,,,0
578,2013,"Saskatoon, Saskatchewan",2016S0503725,At least one type of energy-saving light,Percent,239,units,0,v92073339,41.5,91.0,,,,0
579,2013,"Saskatoon, Saskatchewan",2016S0503725,"At least one type of energy-saving light, excluding light emitting diode (LED) holiday lights",Percent,239,units,0,v92073340,41.6,89.0,,,,0
580,2013,"Saskatoon, Saskatchewan",2016S0503725,No energy saving lights,Percent,239,units,0,v92073341,41.7,,F,,,0
581,2013,"Calgary, Alberta",2016S0503825,Compact fluorescent lights,Percent,239,units,0,v92073342,42.1,64.0,,,,0
582,2013,"Calgary, Alberta",2016S0503825,Fluorescent tubes,Percent,239,units,0,v92073343,42.2,40.0,,,,0
583,2013,"Calgary, Alberta",2016S0503825,Halogen lights,Percent,239,units,0,v92073344,42.3,37.0,,,,0
584,2013,"Calgary, Alberta",2016S0503825,"Light emitting diode (LED) lights, excluding LED holiday lights",Percent,239,units,0,v92073345,42.8,19.0,E,,,0
585,2013,"Calgary, Alberta",2016S0503825,Light emitting diode (LED) holiday lights,Percent,239,units,0,v92073346,42.4,31.0,,,,0
586,2013,"Calgary, Alberta",2016S0503825,At least one type of energy-saving light,Percent,239,units,0,v92073347,42.5,87.0,,,,0
587,2013,"Calgary, Alberta",2016S0503825,"At least one type of energy-saving light, excluding light emitting diode (LED) holiday lights",Percent,239,units,0,v92073348,42.6,84.0,,,,0
588,2013,"Calgary, Alberta",2016S0503825,No energy saving lights,Percent,239,units,0,v92073349,42.7,9.0,E,,,0
589,2013,"Edmonton, Alberta",2016S0503835,Compact fluorescent lights,Percent,239,units,0,v92073350,43.1,63.0,,,,0
590,2013,"Edmonton, Alberta",2016S0503835,Fluorescent tubes,Percent,239,units,0,v92073351,43.2,47.0,,,,0
591,2013,"Edmonton, Alberta",2016S0503835,Halogen lights,Percent,239,units,0,v92073352,43.3,35.0,,,,0
592,2013,"Edmonton, Alberta",2016S0503835,"Light emitting diode (LED) lights, excluding LED holiday lights",Percent,239,units,0,v92073353,43.8,19.0,E,,,0
593,2013,"Edmonton, Alberta",2016S0503835,Light emitting diode (LED) holiday lights,Percent,239,units,0,v92073354,43.4,37.0,,,,0
594,2013,"Edmonton, Alberta",2016S0503835,At least one type of energy-saving light,Percent,239,units,0,v92073355,43.5,85.0,,,,0
595,2013,"Edmonton, Alberta",2016S0503835,"At least one type of energy-saving light, excluding light emitting diode (LED) holiday lights",Percent,239,units,0,v92073356,43.6,83.0,,,,0
596,2013,"Edmonton, Alberta",2016S0503835,No energy saving lights,Percent,239,units,0,v92073357,43.7,14.0,E,,,0
597,2013,"Kelowna, British Columbia",2016S0503915,Compact fluorescent lights,Percent,239,units,0,v92073358,44.1,76.0,,,,0
598,2013,"Kelowna, British Columbia",2016S0503915,Fluorescent tubes,Percent,239,units,0,v92073359,44.2,49.0,,,,0
599,2013,"Kelowna, British Columbia",2016S0503915,Halogen lights,Percent,239,units,0,v92073360,44.3,38.0,E,,,0
600,2013,"Kelowna, British Columbia",2016S0503915,"Light emitting diode (LED) lights, excluding LED holiday lights",Percent,239,units,0,v92073361,44.8,,F,,,0
601,2013,"Kelowna, British Columbia",2016S0503915,Light emitting diode (LED) holiday lights,Percent,239,units,0,v92073362,44.4,53.0,,,,0
602,2013,"Kelowna, British Columbia",2016S0503915,At least one type of energy-saving light,Percent,239,units,0,v92073363,44.5,84.0,,,,0
603,2013,"Kelowna, British Columbia",2016S0503915,"At least one type of energy-saving light, excluding light emitting diode (LED) holiday lights",Percent,239,units,0,v92073364,44.6,84.0,,,,0
604,2013,"Kelowna, British Columbia",2016S0503915,No energy saving lights,Percent,239,units,0,v92073365,44.7,,F,,,0
605,2013,"Abbotsford-Mission, British Columbia",2016S0503932,Compact fluorescent lights,Percent,239,units,0,v92073366,45.1,75.0,,,,0
606,2013,"Abbotsford-Mission, British Columbia",2016S0503932,Fluorescent tubes,Percent,239,units,0,v92073367,45.2,56.0,,,,0
607,2013,"Abbotsford-Mission, British Columbia",2016S0503932,Halogen lights,Percent,239,units,0,v92073368,45.3,27.0,,,,0
608,2013,"Abbotsford-Mission, British Columbia",2016S0503932,"Light emitting diode (LED) lights, excluding LED holiday lights",Percent,239,units,0,v92073369,45.8,,F,,,0
609,2013,"Abbotsford-Mission, British Columbia",2016S0503932,Light emitting diode (LED) holiday lights,Percent,239,units,0,v92073370,45.4,52.0,,,,0
610,2013,"Abbotsford-Mission, British Columbia",2016S0503932,At least one type of energy-saving light,Percent,239,units,0,v92073371,45.5,93.0,,,,0
611,2013,"Abbotsford-Mission, British Columbia",2016S0503932,"At least one type of energy-saving light, excluding light emitting diode (LED) holiday lights",Percent,239,units,0,v92073372,45.6,92.0,,,,0
612,2013,"Abbotsford-Mission, British Columbia",2016S0503932,No energy saving lights,Percent,239,units,0,v92073373,45.7,,F,,,0
613,2013,"Vancouver, British Columbia",2016S0503933,Compact fluorescent lights,Percent,239,units,0,v92073374,46.1,70.0,,,,0
614,2013,"Vancouver, British Columbia",2016S0503933,Fluorescent tubes,Percent,239,units,0,v92073375,46.2,42.0,,,,0
615,2013,"Vancouver, British Columbia",2016S0503933,Halogen lights,Percent,239,units,0,v92073376,46.3,38.0,,,,0
616,2013,"Vancouver, British Columbia",2016S0503933,"Light emitting diode (LED) lights, excluding LED holiday lights",Percent,239,units,0,v92073377,46.8,20.0,,,,0
617,2013,"Vancouver, British Columbia",2016S0503933,Light emitting diode (LED) holiday lights,Percent,239,units,0,v92073378,46.4,44.0,,,,0
618,2013,"Vancouver, British Columbia",2016S0503933,At least one type of energy-saving light,Percent,239,units,0,v92073379,46.5,91.0,,,,0
619,2013,"Vancouver, British Columbia",2016S0503933,"At least one type of energy-saving light, excluding light emitting diode (LED) holiday lights",Percent,239,units,0,v92073380,46.6,88.0,,,,0
620,2013,"Vancouver, British Columbia",2016S0503933,No energy saving lights,Percent,239,units,0,v92073381,46.7,8.0,E,,,0
621,2013,"Victoria, British Columbia",2016S0503935,Compact fluorescent lights,Percent,239,units,0,v92073382,47.1,69.0,,,,0
622,2013,"Victoria, British Columbia",2016S0503935,Fluorescent tubes,Percent,239,units,0,v92073383,47.2,38.0,,,,0
623,2013,"Victoria, British Columbia",2016S0503935,Halogen lights,Percent,239,units,0,v92073384,47.3,39.0,,,,0
624,2013,"Victoria, British Columbia",2016S0503935,"Light emitting diode (LED) lights, excluding LED holiday lights",Percent,239,units,0,v92073385,47.8,18.0,E,,,0
625,2013,"Victoria, British Columbia",2016S0503935,Light emitting diode (LED) holiday lights,Percent,239,units,0,v92073386,47.4,44.0,,,,0
626,2013,"Victoria, British Columbia",2016S0503935,At least one type of energy-saving light,Percent,239,units,0,v92073387,47.5,85.0,,,,0
627,2013,"Victoria, British Columbia",2016S0503935,"At least one type of energy-saving light, excluding light emitting diode (LED) holiday lights",Percent,239,units,0,v92073388,47.6,83.0,,,,0
628,2013,"Victoria, British Columbia",2016S0503935,No energy saving lights,Percent,239,units,0,v92073389,47.7,14.0,E,,,0
629,2013,Non-census metropolitan areas,,Compact fluorescent lights,Percent,239,units,0,v92073390,48.1,76.0,,,,0
630,2013,Non-census metropolitan areas,,Fluorescent tubes,Percent,239,units,0,v92073391,48.2,43.0,,,,0
631,2013,Non-census metropolitan areas,,Halogen lights,Percent,239,units,0,v92073392,48.3,33.0,,,,0
632,2013,Non-census metropolitan areas,,"Light emitting diode (LED) lights, excluding LED holiday lights",Percent,239,units,0,v92073393,48.8,13.0,,,,0
633,2013,Non-census metropolitan areas,,Light emitting diode (LED) holiday lights,Percent,239,units,0,v92073394,48.4,43.0,,,,0
634,2013,Non-census metropolitan areas,,At least one type of energy-saving light,Percent,239,units,0,v92073395,48.5,91.0,,,,0
635,2013,Non-census metropolitan areas,,"At least one type of energy-saving light, excluding light emitting diode (LED) holiday lights",Percent,239,units,0,v92073396,48.6,89.0,,,,0
636,2013,Non-census metropolitan areas,,No energy saving lights,Percent,239,units,0,v92073397,48.7,8.0,,,,0
637,2015,Canada,2021A000011124,Compact fluorescent lights,Percent,239,units,0,v44185211,1.1,68.0,,,,0
638,2015,Canada,2021A000011124,Fluorescent tubes,Percent,239,units,0,v44185212,1.2,39.0,,,,0
639,2015,Canada,2021A000011124,Halogen lights,Percent,239,units,0,v44185213,1.3,35.0,,,,0
640,2015,Canada,2021A000011124,"Light emitting diode (LED) lights, excluding LED holiday lights",Percent,239,units,0,v53599722,1.8,30.0,,,,0
641,2015,Canada,2021A000011124,Light emitting diode (LED) holiday lights,Percent,239,units,0,v44185214,1.4,41.0,,,,0
642,2015,Canada,2021A000011124,At least one type of energy-saving light,Percent,239,units,0,v44185215,1.5,90.0,,,,0
643,2015,Canada,2021A000011124,"At least one type of energy-saving light, excluding light emitting diode (LED) holiday lights",Percent,239,units,0,v44185216,1.6,88.0,,,,0
644,2015,Canada,2021A000011124,No energy saving lights,Percent,239,units,0,v44185217,1.7,9.0,,,,0
645,2015,Newfoundland and Labrador,2021A000210,Compact fluorescent lights,Percent,239,units,0,v44185218,2.1,73.0,,,,0
646,2015,Newfoundland and Labrador,2021A000210,Fluorescent tubes,Percent,239,units,0,v44185219,2.2,22.0,,,,0
647,2015,Newfoundland and Labrador,2021A000210,Halogen lights,Percent,239,units,0,v44185220,2.3,22.0,,,,0
648,2015,Newfoundland and Labrador,2021A000210,"Light emitting diode (LED) lights, excluding LED holiday lights",Percent,239,units,0,v53599723,2.8,19.0,,,,0
649,2015,Newfoundland and Labrador,2021A000210,Light emitting diode (LED) holiday lights,Percent,239,units,0,v44185221,2.4,48.0,,,,0
650,2015,Newfoundland and Labrador,2021A000210,At least one type of energy-saving light,Percent,239,units,0,v44185222,2.5,86.0,,,,0
651,2015,Newfoundland and Labrador,2021A000210,"At least one type of energy-saving light, excluding light emitting diode (LED) holiday lights",Percent,239,units,0,v44185223,2.6,83.0,,,,0
652,2015,Newfoundland and Labrador,2021A000210,No energy saving lights,Percent,239,units,0,v44185224,2.7,13.0,E,,,0
653,2015,Prince Edward Island,2021A000211,Compact fluorescent lights,Percent,239,units,0,v44185225,3.1,75.0,,,,0
654,2015,Prince Edward Island,2021A000211,Fluorescent tubes,Percent,239,units,0,v44185226,3.2,40.0,,,,0
655,2015,Prince Edward Island,2021A000211,Halogen lights,Percent,239,units,0,v44185227,3.3,23.0,,,,0
656,2015,Prince Edward Island,2021A000211,"Light emitting diode (LED) lights, excluding LED holiday lights",Percent,239,units,0,v53599724,3.8,26.0,,,,0
657,2015,Prince Edward Island,2021A000211,Light emitting diode (LED) holiday lights,Percent,239,units,0,v44185228,3.4,48.0,,,,0
658,2015,Prince Edward Island,2021A000211,At least one type of energy-saving light,Percent,239,units,0,v44185229,3.5,90.0,,,,0
659,2015,Prince Edward Island,2021A000211,"At least one type of energy-saving light, excluding light emitting diode (LED) holiday lights",Percent,239,units,0,v44185230,3.6,86.0,,,,0
660,2015,Prince Edward Island,2021A000211,No energy saving lights,Percent,239,units,0,v44185231,3.7,10.0,E,,,0
661,2015,Nova Scotia,2021A000212,Compact fluorescent lights,Percent,239,units,0,v44185232,4.1,79.0,,,,0
662,2015,Nova Scotia,2021A000212,Fluorescent tubes,Percent,239,units,0,v44185233,4.2,34.0,,,,0
663,2015,Nova Scotia,2021A000212,Halogen lights,Percent,239,units,0,v44185234,4.3,22.0,,,,0
664,2015,Nova Scotia,2021A000212,"Light emitting diode (LED) lights, excluding LED holiday lights",Percent,239,units,0,v53599725,4.8,25.0,,,,0
665,2015,Nova Scotia,2021A000212,Light emitting diode (LED) holiday lights,Percent,239,units,0,v44185235,4.4,46.0,,,,0
666,2015,Nova Scotia,2021A000212,At least one type of energy-saving light,Percent,239,units,0,v44185236,4.5,93.0,,,,0
667,2015,Nova Scotia,2021A000212,"At least one type of energy-saving light, excluding light emitting diode (LED) holiday lights",Percent,239,units,0,v44185237,4.6,92.0,,,,0
668,2015,Nova Scotia,2021A000212,No energy saving lights,Percent,239,units,0,v44185238,4.7,7.0,E,,,0
669,2015,New Brunswick,2021A000213,Compact fluorescent lights,Percent,239,units,0,v44185239,5.1,71.0,,,,0
670,2015,New Brunswick,2021A000213,Fluorescent tubes,Percent,239,units,0,v44185240,5.2,39.0,,,,0
671,2015,New Brunswick,2021A000213,Halogen lights,Percent,239,units,0,v44185241,5.3,23.0,,,,0
672,2015,New Brunswick,2021A000213,"Light emitting diode (LED) lights, excluding LED holiday lights",Percent,239,units,0,v53599726,5.8,26.0,,,,0
673,2015,New Brunswick,2021A000213,Light emitting diode (LED) holiday lights,Percent,239,units,0,v44185242,5.4,49.0,,,,0
674,2015,New Brunswick,2021A000213,At least one type of energy-saving light,Percent,239,units,0,v44185243,5.5,89.0,,,,0
675,2015,New Brunswick,2021A000213,"At least one type of energy-saving light, excluding light emitting diode (LED) holiday lights",Percent,239,units,0,v44185244,5.6,86.0,,,,0
676,2015,New Brunswick,2021A000213,No energy saving lights,Percent,239,units,0,v44185245,5.7,10.0,E,,,0
677,2015,Quebec,2021A000224,Compact fluorescent lights,Percent,239,units,0,v44185246,6.1,64.0,,,,0
678,2015,Quebec,2021A000224,Fluorescent tubes,Percent,239,units,0,v44185247,6.2,35.0,,,,0
679,2015,Quebec,2021A000224,Halogen lights,Percent,239,units,0,v44185248,6.3,44.0,,,,0
680,2015,Quebec,2021A000224,"Light emitting diode (LED) lights, excluding LED holiday lights",Percent,239,units,0,v53599727,6.8,24.0,,,,0
681,2015,Quebec,2021A000224,Light emitting diode (LED) holiday lights,Percent,239,units,0,v44185249,6.4,38.0,,,,0
682,2015,Quebec,2021A000224,At least one type of energy-saving light,Percent,239,units,0,v44185250,6.5,87.0,,,,0
683,2015,Quebec,2021A000224,"At least one type of energy-saving light, excluding light emitting diode (LED) holiday lights",Percent,239,units,0,v44185251,6.6,85.0,,,,0
684,2015,Quebec,2021A000224,No energy saving lights,Percent,239,units,0,v44185252,6.7,12.0,,,,0
685,2015,Ontario,2021A000235,Compact fluorescent lights,Percent,239,units,0,v44185253,7.1,74.0,,,,0
686,2015,Ontario,2021A000235,Fluorescent tubes,Percent,239,units,0,v44185254,7.2,42.0,,,,0
687,2015,Ontario,2021A000235,Halogen lights,Percent,239,units,0,v44185255,7.3,33.0,,,,0
688,2015,Ontario,2021A000235,"Light emitting diode (LED) lights, excluding LED holiday lights",Percent,239,units,0,v53599728,7.8,32.0,,,,0
689,2015,Ontario,2021A000235,Light emitting diode (LED) holiday lights,Percent,239,units,0,v44185256,7.4,41.0,,,,0
690,2015,Ontario,2021A000235,At least one type of energy-saving light,Percent,239,units,0,v44185257,7.5,91.0,,,,0
691,2015,Ontario,2021A000235,"At least one type of energy-saving light, excluding light emitting diode (LED) holiday lights",Percent,239,units,0,v44185258,7.6,90.0,,,,0
692,2015,Ontario,2021A000235,No energy saving lights,Percent,239,units,0,v44185259,7.7,8.0,,,,0
693,2015,Manitoba,2021A000246,Compact fluorescent lights,Percent,239,units,0,v44185260,8.1,63.0,,,,0
694,2015,Manitoba,2021A000246,Fluorescent tubes,Percent,239,units,0,v44185261,8.2,49.0,,,,0
695,2015,Manitoba,2021A000246,Halogen lights,Percent,239,units,0,v44185262,8.3,31.0,,,,0
696,2015,Manitoba,2021A000246,"Light emitting diode (LED) lights, excluding LED holiday lights",Percent,239,units,0,v53599729,8.8,27.0,,,,0
697,2015,Manitoba,2021A000246,Light emitting diode (LED) holiday lights,Percent,239,units,0,v44185263,8.4,44.0,,,,0
698,2015,Manitoba,2021A000246,At least one type of energy-saving light,Percent,239,units,0,v44185264,8.5,90.0,,,,0
699,2015,Manitoba,2021A000246,"At least one type of energy-saving light, excluding light emitting diode (LED) holiday lights",Percent,239,units,0,v44185265,8.6,84.0,,,,0
700,2015,Manitoba,2021A000246,No energy saving lights,Percent,239,units,0,v44185266,8.7,9.0,E,,,0
701,2015,Saskatchewan,2021A000247,Compact fluorescent lights,Percent,239,units,0,v44185267,9.1,65.0,,,,0
702,2015,Saskatchewan,2021A000247,Fluorescent tubes,Percent,239,units,0,v44185268,9.2,39.0,,,,0
703,2015,Saskatchewan,2021A000247,Halogen lights,Percent,239,units,0,v44185269,9.3,28.0,,,,0
704,2015,Saskatchewan,2021A000247,"Light emitting diode (LED) lights, excluding LED holiday lights",Percent,239,units,0,v53599730,9.8,34.0,,,,0
705,2015,Saskatchewan,2021A000247,Light emitting diode (LED) holiday lights,Percent,239,units,0,v44185270,9.4,42.0,,,,0
706,2015,Saskatchewan,2021A000247,At least one type of energy-saving light,Percent,239,units,0,v44185271,9.5,86.0,,,,0
707,2015,Saskatchewan,2021A000247,"At least one type of energy-saving light, excluding light emitting diode (LED) holiday lights",Percent,239,units,0,v44185272,9.6,84.0,,,,0
708,2015,Saskatchewan,2021A000247,No energy saving lights,Percent,239,units,0,v44185273,9.7,12.0,E,,,0
709,2015,Alberta,2021A000248,Compact fluorescent lights,Percent,239,units,0,v44185274,10.1,61.0,,,,0
710,2015,Alberta,2021A000248,Fluorescent tubes,Percent,239,units,0,v44185275,10.2,40.0,,,,0
711,2015,Alberta,2021A000248,Halogen lights,Percent,239,units,0,v44185276,10.3,34.0,,,,0
712,2015,Alberta,2021A000248,"Light emitting diode (LED) lights, excluding LED holiday lights",Percent,239,units,0,v53599731,10.8,35.0,,,,0
713,2015,Alberta,2021A000248,Light emitting diode (LED) holiday lights,Percent,239,units,0,v44185277,10.4,42.0,,,,0
714,2015,Alberta,2021A000248,At least one type of energy-saving light,Percent,239,units,0,v44185278,10.5,89.0,,,,0
715,2015,Alberta,2021A000248,"At least one type of energy-saving light, excluding light emitting diode (LED) holiday lights",Percent,239,units,0,v44185279,10.6,86.0,,,,0
716,2015,Alberta,2021A000248,No energy saving lights,Percent,239,units,0,v44185280,10.7,11.0,,,,0
717,2015,British Columbia,2021A000259,Compact fluorescent lights,Percent,239,units,0,v44185281,11.1,63.0,,,,0
718,2015,British Columbia,2021A000259,Fluorescent tubes,Percent,239,units,0,v44185282,11.2,38.0,,,,0
719,2015,British Columbia,2021A000259,Halogen lights,Percent,239,units,0,v44185283,11.3,35.0,,,,0
720,2015,British Columbia,2021A000259,"Light emitting diode (LED) lights, excluding LED holiday lights",Percent,239,units,0,v53599732,11.8,36.0,,,,0
721,2015,British Columbia,2021A000259,Light emitting diode (LED) holiday lights,Percent,239,units,0,v44185284,11.4,41.0,,,,0
722,2015,British Columbia,2021A000259,At least one type of energy-saving light,Percent,239,units,0,v44185285,11.5,90.0,,,,0
723,2015,British Columbia,2021A000259,"At least one type of energy-saving light, excluding light emitting diode (LED) holiday lights",Percent,239,units,0,v44185286,11.6,89.0,,,,0
724,2015,British Columbia,2021A000259,No energy saving lights,Percent,239,units,0,v44185287,11.7,8.0,,,,0
725,2015,Total census metropolitan areas,,Compact fluorescent lights,Percent,239,units,0,v92073102,12.1,68.0,,,,0
726,2015,Total census metropolitan areas,,Fluorescent tubes,Percent,239,units,0,v92073103,12.2,39.0,,,,0
727,2015,Total census metropolitan areas,,Halogen lights,Percent,239,units,0,v92073104,12.3,36.0,,,,0
728,2015,Total census metropolitan areas,,"Light emitting diode (LED) lights, excluding LED holiday lights",Percent,239,units,0,v92073105,12.8,31.0,,,,0
729,2015,Total census metropolitan areas,,Light emitting diode (LED) holiday lights,Percent,239,units,0,v92073106,12.4,40.0,,,,0
730,2015,Total census metropolitan areas,,At least one type of energy-saving light,Percent,239,units,0,v92073107,12.5,90.0,,,,0
731,2015,Total census metropolitan areas,,"At least one type of energy-saving light, excluding light emitting diode (LED) holiday lights",Percent,239,units,0,v92073108,12.6,88.0,,,,0
732,2015,Total census metropolitan areas,,No energy saving lights,Percent,239,units,0,v92073109,12.7,9.0,,,,0
733,2015,"St. John's, Newfoundland and Labrador",2016S05031,Compact fluorescent lights,Percent,239,units,0,v92073110,13.1,80.0,,,,0
734,2015,"St. John's, Newfoundland and Labrador",2016S05031,Fluorescent tubes,Percent,239,units,0,v92073111,13.2,25.0,E,,,0
735,2015,"St. John's, Newfoundland and Labrador",2016S05031,Halogen lights,Percent,239,units,0,v92073112,13.3,27.0,E,,,0
736,2015,"St. John's, Newfoundland and Labrador",2016S05031,"Light emitting diode (LED) lights, excluding LED holiday lights",Percent,239,units,0,v92073113,13.8,26.0,E,,,0
737,2015,"St. John's, Newfoundland and Labrador",2016S05031,Light emitting diode (LED) holiday lights,Percent,239,units,0,v92073114,13.4,55.0,,,,0
738,2015,"St. John's, Newfoundland and Labrador",2016S05031,At least one type of energy-saving light,Percent,239,units,0,v92073115,13.5,92.0,,,,0
739,2015,"St. John's, Newfoundland and Labrador",2016S05031,"At least one type of energy-saving light, excluding light emitting diode (LED) holiday lights",Percent,239,units,0,v92073116,13.6,90.0,,,,0
740,2015,"St. John's, Newfoundland and Labrador",2016S05031,No energy saving lights,Percent,239,units,0,v92073117,13.7,,F,,,0
741,2015,"Halifax, Nova Scotia",2016S0503205,Compact fluorescent lights,Percent,239,units,0,v92073118,14.1,82.0,,,,0
742,2015,"Halifax, Nova Scotia",2016S0503205,Fluorescent tubes,Percent,239,units,0,v92073119,14.2,35.0,,,,0
743,2015,"Halifax, Nova Scotia",2016S0503205,Halogen lights,Percent,239,units,0,v92073120,14.3,26.0,,,,0
744,2015,"Halifax, Nova Scotia",2016S0503205,"Light emitting diode (LED) lights, excluding LED holiday lights",Percent,239,units,0,v92073121,14.8,25.0,,,,0
745,2015,"Halifax, Nova Scotia",2016S0503205,Light emitting diode (LED) holiday lights,Percent,239,units,0,v92073122,14.4,46.0,,,,0
746,2015,"Halifax, Nova Scotia",2016S0503205,At least one type of energy-saving light,Percent,239,units,0,v92073123,14.5,95.0,,,,0
747,2015,"Halifax, Nova Scotia",2016S0503205,"At least one type of energy-saving light, excluding light emitting diode (LED) holiday lights",Percent,239,units,0,v92073124,14.6,95.0,,,,0
748,2015,"Halifax, Nova Scotia",2016S0503205,No energy saving lights,Percent,239,units,0,v92073125,14.7,,F,,,0
749,2015,"Moncton, New Brunswick",2016S0503305,Compact fluorescent lights,Percent,239,units,0,v92073126,15.1,62.0,,,,0
750,2015,"Moncton, New Brunswick",2016S0503305,Fluorescent tubes,Percent,239,units,0,v92073127,15.2,31.0,E,,,0
751,2015,"Moncton, New Brunswick",2016S0503305,Halogen lights,Percent,239,units,0,v92073128,15.3,24.0,E,,,0
752,2015,"Moncton, New Brunswick",2016S0503305,"Light emitting diode (LED) lights, excluding LED holiday lights",Percent,239,units,0,v92073129,15.8,26.0,E,,,0
753,2015,"Moncton, New Brunswick",2016S0503305,Light emitting diode (LED) holiday lights,Percent,239,units,0,v92073130,15.4,41.0,,,,0
754,2015,"Moncton, New Brunswick",2016S0503305,At least one type of energy-saving light,Percent,239,units,0,v92073131,15.5,87.0,,,,0
755,2015,"Moncton, New Brunswick",2016S0503305,"At least one type of energy-saving light, excluding light emitting diode (LED) holiday lights",Percent,239,units,0,v92073132,15.6,81.0,,,,0
756,2015,"Moncton, New Brunswick",2016S0503305,No energy saving lights,Percent,239,units,0,v92073133,15.7,,F,,,0
757,2015,"Saint John, New Brunswick",2016S0503310,Compact fluorescent lights,Percent,239,units,0,v92073134,16.1,71.0,,,,0
758,2015,"Saint John, New Brunswick",2016S0503310,Fluorescent tubes,Percent,239,units,0,v92073135,16.2,53.0,,,,0
759,2015,"Saint John, New Brunswick",2016S0503310,Halogen lights,Percent,239,units,0,v92073136,16.3,24.0,E,,,0
760,2015,"Saint John, New Brunswick",2016S0503310,"Light emitting diode (LED) lights, excluding LED holiday lights",Percent,239,units,0,v92073137,16.8,35.0,E,,,0
761,2015,"Saint John, New Brunswick",2016S0503310,Light emitting diode (LED) holiday lights,Percent,239,units,0,v92073138,16.4,56.0,,,,0
762,2015,"Saint John, New Brunswick",2016S0503310,At least one type of energy-saving light,Percent,239,units,0,v92073139,16.5,96.0,,,,0
763,2015,"Saint John, New Brunswick",2016S0503310,"At least one type of energy-saving light, excluding light emitting diode (LED) holiday lights",Percent,239,units,0,v92073140,16.6,91.0,,,,0
764,2015,"Saint John, New Brunswick",2016S0503310,No energy saving lights,Percent,239,units,0,v92073141,16.7,,F,,,0
765,2015,"Saguenay, Quebec",2016S0503408,Compact fluorescent lights,Percent,239,units,0,v92073142,17.1,55.0,,,,0
766,2015,"Saguenay, Quebec",2016S0503408,Fluorescent tubes,Percent,239,units,0,v92073143,17.2,35.0,,,,0
767,2015,"Saguenay, Quebec",2016S0503408,Halogen lights,Percent,239,units,0,v92073144,17.3,55.0,,,,0
768,2015,"Saguenay, Quebec",2016S0503408,"Light emitting diode (LED) lights, excluding LED holiday lights",Percent,239,units,0,v92073145,17.8,26.0,E,,,0
769,2015,"Saguenay, Quebec",2016S0503408,Light emitting diode (LED) holiday lights,Percent,239,units,0,v92073146,17.4,38.0,,,,0
770,2015,"Saguenay, Quebec",2016S0503408,At least one type of energy-saving light,Percent,239,units,0,v92073147,17.5,83.0,,,,0
771,2015,"Saguenay, Quebec",2016S0503408,"At least one type of energy-saving light, excluding light emitting diode (LED) holiday lights",Percent,239,units,0,v92073148,17.6,82.0,,,,0
772,2015,"Saguenay, Quebec",2016S0503408,No energy saving lights,Percent,239,units,0,v92073149,17.7,16.0,E,,,0
773,2015,"Québec, Quebec",2016S0503421,Compact fluorescent lights,Percent,239,units,0,v92073150,18.1,64.0,,,,0
774,2015,"Québec, Quebec",2016S0503421,Fluorescent tubes,Percent,239,units,0,v92073151,18.2,42.0,,,,0
775,2015,"Québec, Quebec",2016S0503421,Halogen lights,Percent,239,units,0,v92073152,18.3,51.0,,,,0
776,2015,"Québec, Quebec",2016S0503421,"Light emitting diode (LED) lights, excluding LED holiday lights",Percent,239,units,0,v92073153,18.8,26.0,,,,0
777,2015,"Québec, Quebec",2016S0503421,Light emitting diode (LED) holiday lights,Percent,239,units,0,v92073154,18.4,40.0,,,,0
778,2015,"Québec, Quebec",2016S0503421,At least one type of energy-saving light,Percent,239,units,0,v92073155,18.5,90.0,,,,0
779,2015,"Québec, Quebec",2016S0503421,"At least one type of energy-saving light, excluding light emitting diode (LED) holiday lights",Percent,239,units,0,v92073156,18.6,88.0,,,,0
780,2015,"Québec, Quebec",2016S0503421,No energy saving lights,Percent,239,units,0,v92073157,18.7,9.0,E,,,0
781,2015,"Sherbrooke, Quebec",2016S0503433,Compact fluorescent lights,Percent,239,units,0,v92073158,19.1,69.0,,,,0
782,2015,"Sherbrooke, Quebec",2016S0503433,Fluorescent tubes,Percent,239,units,0,v92073159,19.2,45.0,,,,0
783,2015,"Sherbrooke, Quebec",2016S0503433,Halogen lights,Percent,239,units,0,v92073160,19.3,42.0,,,,0
784,2015,"Sherbrooke, Quebec",2016S0503433,"Light emitting diode (LED) lights, excluding LED holiday lights",Percent,239,units,0,v92073161,19.8,28.0,E,,,0
785,2015,"Sherbrooke, Quebec",2016S0503433,Light emitting diode (LED) holiday lights,Percent,239,units,0,v92073162,19.4,38.0,,,,0
786,2015,"Sherbrooke, Quebec",2016S0503433,At least one type of energy-saving light,Percent,239,units,0,v92073163,19.5,91.0,,,,0
787,2015,"Sherbrooke, Quebec",2016S0503433,"At least one type of energy-saving light, excluding light emitting diode (LED) holiday lights",Percent,239,units,0,v92073164,19.6,89.0,,,,0
788,2015,"Sherbrooke, Quebec",2016S0503433,No energy saving lights,Percent,239,units,0,v92073165,19.7,9.0,E,,,0
789,2015,"Trois-Rivières, Quebec",2016S0503442,Compact fluorescent lights,Percent,239,units,0,v92073166,20.1,60.0,,,,0
790,2015,"Trois-Rivières, Quebec",2016S0503442,Fluorescent tubes,Percent,239,units,0,v92073167,20.2,30.0,E,,,0
791,2015,"Trois-Rivières, Quebec",2016S0503442,Halogen lights,Percent,239,units,0,v92073168,20.3,43.0,,,,0
792,2015,"Trois-Rivières, Quebec",2016S0503442,"Light emitting diode (LED) lights, excluding LED holiday lights",Percent,239,units,0,v92073169,20.8,22.0,E,,,0
793,2015,"Trois-Rivières, Quebec",2016S0503442,Light emitting diode (LED) holiday lights,Percent,239,units,0,v92073170,20.4,40.0,,,,0
794,2015,"Trois-Rivières, Quebec",2016S0503442,At least one type of energy-saving light,Percent,239,units,0,v92073171,20.5,86.0,,,,0
795,2015,"Trois-Rivières, Quebec",2016S0503442,"At least one type of energy-saving light, excluding light emitting diode (LED) holiday lights",Percent,239,units,0,v92073172,20.6,85.0,,,,0
796,2015,"Trois-Rivières, Quebec",2016S0503442,No energy saving lights,Percent,239,units,0,v92073173,20.7,,F,,,0
797,2015,"Montréal, Quebec",2016S0503462,Compact fluorescent lights,Percent,239,units,0,v92073174,21.1,61.0,,,,0
798,2015,"Montréal, Quebec",2016S0503462,Fluorescent tubes,Percent,239,units,0,v92073175,21.2,31.0,,,,0
799,2015,"Montréal, Quebec",2016S0503462,Halogen lights,Percent,239,units,0,v92073176,21.3,43.0,,,,0
800,2015,"Montréal, Quebec",2016S0503462,"Light emitting diode (LED) lights, excluding LED holiday lights",Percent,239,units,0,v92073177,21.8,22.0,,,,0
801,2015,"Montréal, Quebec",2016S0503462,Light emitting diode (LED) holiday lights,Percent,239,units,0,v92073178,21.4,33.0,,,,0
802,2015,"Montréal, Quebec",2016S0503462,At least one type of energy-saving light,Percent,239,units,0,v92073179,21.5,85.0,,,,0
803,2015,"Montréal, Quebec",2016S0503462,"At least one type of energy-saving light, excluding light emitting diode (LED) holiday lights",Percent,239,units,0,v92073180,21.6,81.0,,,,0
804,2015,"Montréal, Quebec",2016S0503462,No energy saving lights,Percent,239,units,0,v92073181,21.7,14.0,E,,,0
805,2015,"Ottawa-Gatineau, Ontario/Quebec",2016S0503505,Compact fluorescent lights,Percent,239,units,0,v92073182,22.1,75.0,,,,0
806,2015,"Ottawa-Gatineau, Ontario/Quebec",2016S0503505,Fluorescent tubes,Percent,239,units,0,v92073183,22.2,36.0,,,,0
807,2015,"Ottawa-Gatineau, Ontario/Quebec",2016S0503505,Halogen lights,Percent,239,units,0,v92073184,22.3,39.0,,,,0
808,2015,"Ottawa-Gatineau, Ontario/Quebec",2016S0503505,"Light emitting diode (LED) lights, excluding LED holiday lights",Percent,239,units,0,v92073185,22.8,27.0,,,,0
809,2015,"Ottawa-Gatineau, Ontario/Quebec",2016S0503505,Light emitting diode (LED) holiday lights,Percent,239,units,0,v92073186,22.4,47.0,,,,0
810,2015,"Ottawa-Gatineau, Ontario/Quebec",2016S0503505,At least one type of energy-saving light,Percent,239,units,0,v92073187,22.5,86.0,,,,0
811,2015,"Ottawa-Gatineau, Ontario/Quebec",2016S0503505,"At least one type of energy-saving light, excluding light emitting diode (LED) holiday lights",Percent,239,units,0,v92073188,22.6,85.0,,,,0
812,2015,"Ottawa-Gatineau, Ontario/Quebec",2016S0503505,No energy saving lights,Percent,239,units,0,v92073189,22.7,13.0,E,,,0
813,2015,Ottawa-Gatineau (Quebec part),2016S050524505,Compact fluorescent lights,Percent,239,units,0,v92073190,23.1,70.0,,,,0
814,2015,Ottawa-Gatineau (Quebec part),2016S050524505,Fluorescent tubes,Percent,239,units,0,v92073191,23.2,32.0,,,,0
815,2015,Ottawa-Gatineau (Quebec part),2016S050524505,Halogen lights,Percent,239,units,0,v92073192,23.3,38.0,,,,0
816,2015,Ottawa-Gatineau (Quebec part),2016S050524505,"Light emitting diode (LED) lights, excluding LED holiday lights",Percent,239,units,0,v92073193,23.8,23.0,E,,,0
817,2015,Ottawa-Gatineau (Quebec part),2016S050524505,Light emitting diode (LED) holiday lights,Percent,239,units,0,v92073194,23.4,42.0,,,,0
818,2015,Ottawa-Gatineau (Quebec part),2016S050524505,At least one type of energy-saving light,Percent,239,units,0,v92073195,23.5,88.0,,,,0
819,2015,Ottawa-Gatineau (Quebec part),2016S050524505,"At least one type of energy-saving light, excluding light emitting diode (LED) holiday lights",Percent,239,units,0,v92073196,23.6,85.0,,,,0
820,2015,Ottawa-Gatineau (Quebec part),2016S050524505,No energy saving lights,Percent,239,units,0,v92073197,23.7,11.0,E,,,0
821,2015,Ottawa-Gatineau (Ontario part),2016S050535505,Compact fluorescent lights,Percent,239,units,0,v92073198,24.1,77.0,,,,0
822,2015,Ottawa-Gatineau (Ontario part),2016S050535505,Fluorescent tubes,Percent,239,units,0,v92073199,24.2,38.0,,,,0
823,2015,Ottawa-Gatineau (Ontario part),2016S050535505,Halogen lights,Percent,239,units,0,v92073200,24.3,40.0,,,,0
824,2015,Ottawa-Gatineau (Ontario part),2016S050535505,"Light emitting diode (LED) lights, excluding LED holiday lights",Percent,239,units,0,v92073201,24.8,29.0,,,,0
825,2015,Ottawa-Gatineau (Ontario part),2016S050535505,Light emitting diode (LED) holiday lights,Percent,239,units,0,v92073202,24.4,49.0,,,,0
826,2015,Ottawa-Gatineau (Ontario part),2016S050535505,At least one type of energy-saving light,Percent,239,units,0,v92073203,24.5,85.0,,,,0
827,2015,Ottawa-Gatineau (Ontario part),2016S050535505,"At least one type of energy-saving light, excluding light emitting diode (LED) holiday lights",Percent,239,units,0,v92073204,24.6,85.0,,,,0
828,2015,Ottawa-Gatineau (Ontario part),2016S050535505,No energy saving lights,Percent,239,units,0,v92073205,24.7,14.0,E,,,0
829,2015,"Kingston, Ontario",2016S0503521,Compact fluorescent lights,Percent,239,units,0,v92073206,25.1,84.0,,,,0
830,2015,"Kingston, Ontario",2016S0503521,Fluorescent tubes,Percent,239,units,0,v92073207,25.2,50.0,,,,0
831,2015,"Kingston, Ontario",2016S0503521,Halogen lights,Percent,239,units,0,v92073208,25.3,31.0,E,,,0
832,2015,"Kingston, Ontario",2016S0503521,"Light emitting diode (LED) lights, excluding LED holiday lights",Percent,239,units,0,v92073209,25.8,38.0,,,,0
833,2015,"Kingston, Ontario",2016S0503521,Light emitting diode (LED) holiday lights,Percent,239,units,0,v92073210,25.4,60.0,,,,0
834,2015,"Kingston, Ontario",2016S0503521,At least one type of energy-saving light,Percent,239,units,0,v92073211,25.5,97.0,,,,0
835,2015,"Kingston, Ontario",2016S0503521,"At least one type of energy-saving light, excluding light emitting diode (LED) holiday lights",Percent,239,units,0,v92073212,25.6,95.0,,,,0
836,2015,"Kingston, Ontario",2016S0503521,No energy saving lights,Percent,239,units,0,v92073213,25.7,,F,,,0
837,2015,"Peterborough, Ontario",2016S0503529,Compact fluorescent lights,Percent,239,units,0,v92073214,26.1,72.0,,,,0
838,2015,"Peterborough, Ontario",2016S0503529,Fluorescent tubes,Percent,239,units,0,v92073215,26.2,56.0,,,,0
839,2015,"Peterborough, Ontario",2016S0503529,Halogen lights,Percent,239,units,0,v92073216,26.3,26.0,E,,,0
840,2015,"Peterborough, Ontario",2016S0503529,"Light emitting diode (LED) lights, excluding LED holiday lights",Percent,239,units,0,v92073217,26.8,28.0,E,,,0
841,2015,"Peterborough, Ontario",2016S0503529,Light emitting diode (LED) holiday lights,Percent,239,units,0,v92073218,26.4,58.0,,,,0
842,2015,"Peterborough, Ontario",2016S0503529,At least one type of energy-saving light,Percent,239,units,0,v92073219,26.5,89.0,,,,0
843,2015,"Peterborough, Ontario",2016S0503529,"At least one type of energy-saving light, excluding light emitting diode (LED) holiday lights",Percent,239,units,0,v92073220,26.6,89.0,,,,0
844,2015,"Peterborough, Ontario",2016S0503529,No energy saving lights,Percent,239,units,0,v92073221,26.7,,F,,,0
845,2015,"Oshawa, Ontario",2016S0503532,Compact fluorescent lights,Percent,239,units,0,v92073222,27.1,75.0,,,,0
846,2015,"Oshawa, Ontario",2016S0503532,Fluorescent tubes,Percent,239,units,0,v92073223,27.2,33.0,E,,,0
847,2015,"Oshawa, Ontario",2016S0503532,Halogen lights,Percent,239,units,0,v92073224,27.3,38.0,,,,0
848,2015,"Oshawa, Ontario",2016S0503532,"Light emitting diode (LED) lights, excluding LED holiday lights",Percent,239,units,0,v92073225,27.8,35.0,E,,,0
849,2015,"Oshawa, Ontario",2016S0503532,Light emitting diode (LED) holiday lights,Percent,239,units,0,v92073226,27.4,50.0,,,,0
850,2015,"Oshawa, Ontario",2016S0503532,At least one type of energy-saving light,Percent,239,units,0,v92073227,27.5,92.0,,,,0
851,2015,"Oshawa, Ontario",2016S0503532,"At least one type of energy-saving light, excluding light emitting diode (LED) holiday lights",Percent,239,units,0,v92073228,27.6,92.0,,,,0
852,2015,"Oshawa, Ontario",2016S0503532,No energy saving lights,Percent,239,units,0,v92073229,27.7,,F,,,0
853,2015,"Toronto, Ontario",2016S0503535,Compact fluorescent lights,Percent,239,units,0,v92073230,28.1,70.0,,,,0
854,2015,"Toronto, Ontario",2016S0503535,Fluorescent tubes,Percent,239,units,0,v92073231,28.2,38.0,,,,0
855,2015,"Toronto, Ontario",2016S0503535,Halogen lights,Percent,239,units,0,v92073232,28.3,33.0,,,,0
856,2015,"Toronto, Ontario",2016S0503535,"Light emitting diode (LED) lights, excluding LED holiday lights",Percent,239,units,0,v92073233,28.8,34.0,,,,0
857,2015,"Toronto, Ontario",2016S0503535,Light emitting diode (LED) holiday lights,Percent,239,units,0,v92073234,28.4,34.0,,,,0
858,2015,"Toronto, Ontario",2016S0503535,At least one type of energy-saving light,Percent,239,units,0,v92073235,28.5,91.0,,,,0
859,2015,"Toronto, Ontario",2016S0503535,"At least one type of energy-saving light, excluding light emitting diode (LED) holiday lights",Percent,239,units,0,v92073236,28.6,89.0,,,,0
860,2015,"Toronto, Ontario",2016S0503535,No energy saving lights,Percent,239,units,0,v92073237,28.7,7.0,E,,,0
861,2015,"Hamilton, Ontario",2016S0503537,Compact fluorescent lights,Percent,239,units,0,v92073238,29.1,71.0,,,,0
862,2015,"Hamilton, Ontario",2016S0503537,Fluorescent tubes,Percent,239,units,0,v92073239,29.2,46.0,,,,0
863,2015,"Hamilton, Ontario",2016S0503537,Halogen lights,Percent,239,units,0,v92073240,29.3,29.0,,,,0
864,2015,"Hamilton, Ontario",2016S0503537,"Light emitting diode (LED) lights, excluding LED holiday lights",Percent,239,units,0,v92073241,29.8,28.0,,,,0
865,2015,"Hamilton, Ontario",2016S0503537,Light emitting diode (LED) holiday lights,Percent,239,units,0,v92073242,29.4,40.0,,,,0
866,2015,"Hamilton, Ontario",2016S0503537,At least one type of energy-saving light,Percent,239,units,0,v92073243,29.5,90.0,,,,0
867,2015,"Hamilton, Ontario",2016S0503537,"At least one type of energy-saving light, excluding light emitting diode (LED) holiday lights",Percent,239,units,0,v92073244,29.6,89.0,,,,0
868,2015,"Hamilton, Ontario",2016S0503537,No energy saving lights,Percent,239,units,0,v92073245,29.7,,F,,,0
869,2015,"St. Catharines-Niagara, Ontario",2016S0503539,Compact fluorescent lights,Percent,239,units,0,v92073246,30.1,75.0,,,,0
870,2015,"St. Catharines-Niagara, Ontario",2016S0503539,Fluorescent tubes,Percent,239,units,0,v92073247,30.2,50.0,,,,0
871,2015,"St. Catharines-Niagara, Ontario",2016S0503539,Halogen lights,Percent,239,units,0,v92073248,30.3,28.0,E,,,0
872,2015,"St. Catharines-Niagara, Ontario",2016S0503539,"Light emitting diode (LED) lights, excluding LED holiday lights",Percent,239,units,0,v92073249,30.8,29.0,E,,,0
873,2015,"St. Catharines-Niagara, Ontario",2016S0503539,Light emitting diode (LED) holiday lights,Percent,239,units,0,v92073250,30.4,46.0,,,,0
874,2015,"St. Catharines-Niagara, Ontario",2016S0503539,At least one type of energy-saving light,Percent,239,units,0,v92073251,30.5,96.0,,,,0
875,2015,"St. Catharines-Niagara, Ontario",2016S0503539,"At least one type of energy-saving light, excluding light emitting diode (LED) holiday lights",Percent,239,units,0,v92073252,30.6,95.0,,,,0
876,2015,"St. Catharines-Niagara, Ontario",2016S0503539,No energy saving lights,Percent,239,units,0,v92073253,30.7,,F,,,0
877,2015,"Kitchener-Cambridge-Waterloo, Ontario",2016S0503541,Compact fluorescent lights,Percent,239,units,0,v92073254,31.1,77.0,,,,0
878,2015,"Kitchener-Cambridge-Waterloo, Ontario",2016S0503541,Fluorescent tubes,Percent,239,units,0,v92073255,31.2,45.0,,,,0
879,2015,"Kitchener-Cambridge-Waterloo, Ontario",2016S0503541,Halogen lights,Percent,239,units,0,v92073256,31.3,34.0,,,,0
880,2015,"Kitchener-Cambridge-Waterloo, Ontario",2016S0503541,"Light emitting diode (LED) lights, excluding LED holiday lights",Percent,239,units,0,v92073257,31.8,29.0,,,,0
881,2015,"Kitchener-Cambridge-Waterloo, Ontario",2016S0503541,Light emitting diode (LED) holiday lights,Percent,239,units,0,v92073258,31.4,34.0,,,,0
882,2015,"Kitchener-Cambridge-Waterloo, Ontario",2016S0503541,At least one type of energy-saving light,Percent,239,units,0,v92073259,31.5,92.0,,,,0
883,2015,"Kitchener-Cambridge-Waterloo, Ontario",2016S0503541,"At least one type of energy-saving light, excluding light emitting diode (LED) holiday lights",Percent,239,units,0,v92073260,31.6,90.0,,,,0
884,2015,"Kitchener-Cambridge-Waterloo, Ontario",2016S0503541,No energy saving lights,Percent,239,units,0,v92073261,31.7,,F,,,0
885,2015,"Brantford, Ontario",2016S0503543,Compact fluorescent lights,Percent,239,units,0,v92073262,32.1,69.0,,,,0
886,2015,"Brantford, Ontario",2016S0503543,Fluorescent tubes,Percent,239,units,0,v92073263,32.2,41.0,,,,0
887,2015,"Brantford, Ontario",2016S0503543,Halogen lights,Percent,239,units,0,v92073264,32.3,23.0,E,,,0
888,2015,"Brantford, Ontario",2016S0503543,"Light emitting diode (LED) lights, excluding LED holiday lights",Percent,239,units,0,v92073265,32.8,31.0,E,,,0
889,2015,"Brantford, Ontario",2016S0503543,Light emitting diode (LED) holiday lights,Percent,239,units,0,v92073266,32.4,43.0,,,,0
890,2015,"Brantford, Ontario",2016S0503543,At least one type of energy-saving light,Percent,239,units,0,v92073267,32.5,91.0,,,,0
891,2015,"Brantford, Ontario",2016S0503543,"At least one type of energy-saving light, excluding light emitting diode (LED) holiday lights",Percent,239,units,0,v92073268,32.6,89.0,,,,0
892,2015,"Brantford, Ontario",2016S0503543,No energy saving lights,Percent,239,units,0,v92073269,32.7,,F,,,0
893,2015,"Guelph, Ontario",2016S0503550,Compact fluorescent lights,Percent,239,units,0,v92073270,33.1,78.0,,,,0
894,2015,"Guelph, Ontario",2016S0503550,Fluorescent tubes,Percent,239,units,0,v92073271,33.2,46.0,,,,0
895,2015,"Guelph, Ontario",2016S0503550,Halogen lights,Percent,239,units,0,v92073272,33.3,50.0,,,,0
896,2015,"Guelph, Ontario",2016S0503550,"Light emitting diode (LED) lights, excluding LED holiday lights",Percent,239,units,0,v92073273,33.8,30.0,E,,,0
897,2015,"Guelph, Ontario",2016S0503550,Light emitting diode (LED) holiday lights,Percent,239,units,0,v92073274,33.4,44.0,,,,0
898,2015,"Guelph, Ontario",2016S0503550,At least one type of energy-saving light,Percent,239,units,0,v92073275,33.5,98.0,,,,0
899,2015,"Guelph, Ontario",2016S0503550,"At least one type of energy-saving light, excluding light emitting diode (LED) holiday lights",Percent,239,units,0,v92073276,33.6,97.0,,,,0
900,2015,"Guelph, Ontario",2016S0503550,No energy saving lights,Percent,239,units,0,v92073277,33.7,,F,,,0
901,2015,"London, Ontario",2016S0503555,Compact fluorescent lights,Percent,239,units,0,v92073278,34.1,80.0,,,,0
902,2015,"London, Ontario",2016S0503555,Fluorescent tubes,Percent,239,units,0,v92073279,34.2,47.0,,,,0
903,2015,"London, Ontario",2016S0503555,Halogen lights,Percent,239,units,0,v92073280,34.3,28.0,,,,0
904,2015,"London, Ontario",2016S0503555,"Light emitting diode (LED) lights, excluding LED holiday lights",Percent,239,units,0,v92073281,34.8,34.0,,,,0
905,2015,"London, Ontario",2016S0503555,Light emitting diode (LED) holiday lights,Percent,239,units,0,v92073282,34.4,39.0,,,,0
906,2015,"London, Ontario",2016S0503555,At least one type of energy-saving light,Percent,239,units,0,v92073283,34.5,95.0,,,,0
907,2015,"London, Ontario",2016S0503555,"At least one type of energy-saving light, excluding light emitting diode (LED) holiday lights",Percent,239,units,0,v92073284,34.6,92.0,,,,0
908,2015,"London, Ontario",2016S0503555,No energy saving lights,Percent,239,units,0,v92073285,34.7,,F,,,0
909,2015,"Windsor, Ontario",2016S0503559,Compact fluorescent lights,Percent,239,units,0,v92073286,35.1,81.0,,,,0
910,2015,"Windsor, Ontario",2016S0503559,Fluorescent tubes,Percent,239,units,0,v92073287,35.2,38.0,,,,0
911,2015,"Windsor, Ontario",2016S0503559,Halogen lights,Percent,239,units,0,v92073288,35.3,32.0,,,,0
912,2015,"Windsor, Ontario",2016S0503559,"Light emitting diode (LED) lights, excluding LED holiday lights",Percent,239,units,0,v92073289,35.8,33.0,,,,0
913,2015,"Windsor, Ontario",2016S0503559,Light emitting diode (LED) holiday lights,Percent,239,units,0,v92073290,35.4,39.0,,,,0
914,2015,"Windsor, Ontario",2016S0503559,At least one type of energy-saving light,Percent,239,units,0,v92073291,35.5,95.0,,,,0
915,2015,"Windsor, Ontario",2016S0503559,"At least one type of energy-saving light, excluding light emitting diode (LED) holiday lights",Percent,239,units,0,v92073292,35.6,95.0,,,,0
916,2015,"Windsor, Ontario",2016S0503559,No energy saving lights,Percent,239,units,0,v92073293,35.7,,F,,,0
917,2015,"Barrie, Ontario",2016S0503568,Compact fluorescent lights,Percent,239,units,0,v92073294,36.1,85.0,,,,0
918,2015,"Barrie, Ontario",2016S0503568,Fluorescent tubes,Percent,239,units,0,v92073295,36.2,38.0,E,,,0
919,2015,"Barrie, Ontario",2016S0503568,Halogen lights,Percent,239,units,0,v92073296,36.3,24.0,E,,,0
920,2015,"Barrie, Ontario",2016S0503568,"Light emitting diode (LED) lights, excluding LED holiday lights",Percent,239,units,0,v92073297,36.8,,F,,,0
921,2015,"Barrie, Ontario",2016S0503568,Light emitting diode (LED) holiday lights,Percent,239,units,0,v92073298,36.4,59.0,E,,,0
922,2015,"Barrie, Ontario",2016S0503568,At least one type of energy-saving light,Percent,239,units,0,v92073299,36.5,93.0,,,,0
923,2015,"Barrie, Ontario",2016S0503568,"At least one type of energy-saving light, excluding light emitting diode (LED) holiday lights",Percent,239,units,0,v92073300,36.6,88.0,,,,0
924,2015,"Barrie, Ontario",2016S0503568,No energy saving lights,Percent,239,units,0,v92073301,36.7,,F,,,0
925,2015,"Greater Sudbury, Ontario",2016S0503580,Compact fluorescent lights,Percent,239,units,0,v92073302,37.1,73.0,,,,0
926,2015,"Greater Sudbury, Ontario",2016S0503580,Fluorescent tubes,Percent,239,units,0,v92073303,37.2,54.0,,,,0
927,2015,"Greater Sudbury, Ontario",2016S0503580,Halogen lights,Percent,239,units,0,v92073304,37.3,33.0,E,,,0
928,2015,"Greater Sudbury, Ontario",2016S0503580,"Light emitting diode (LED) lights, excluding LED holiday lights",Percent,239,units,0,v92073305,37.8,30.0,E,,,0
929,2015,"Greater Sudbury, Ontario",2016S0503580,Light emitting diode (LED) holiday lights,Percent,239,units,0,v92073306,37.4,54.0,,,,0
930,2015,"Greater Sudbury, Ontario",2016S0503580,At least one type of energy-saving light,Percent,239,units,0,v92073307,37.5,94.0,,,,0
931,2015,"Greater Sudbury, Ontario",2016S0503580,"At least one type of energy-saving light, excluding light emitting diode (LED) holiday lights",Percent,239,units,0,v92073308,37.6,93.0,,,,0
932,2015,"Greater Sudbury, Ontario",2016S0503580,No energy saving lights,Percent,239,units,0,v92073309,37.7,,F,,,0
933,2015,"Thunder Bay, Ontario",2016S0503595,Compact fluorescent lights,Percent,239,units,0,v92073310,38.1,83.0,,,,0
934,2015,"Thunder Bay, Ontario",2016S0503595,Fluorescent tubes,Percent,239,units,0,v92073311,38.2,41.0,,,,0
935,2015,"Thunder Bay, Ontario",2016S0503595,Halogen lights,Percent,239,units,0,v92073312,38.3,32.0,E,,,0
936,2015,"Thunder Bay, Ontario",2016S0503595,"Light emitting diode (LED) lights, excluding LED holiday lights",Percent,239,units,0,v92073313,38.8,25.0,E,,,0
937,2015,"Thunder Bay, Ontario",2016S0503595,Light emitting diode (LED) holiday lights,Percent,239,units,0,v92073314,38.4,36.0,,,,0
938,2015,"Thunder Bay, Ontario",2016S0503595,At least one type of energy-saving light,Percent,239,units,0,v92073315,38.5,94.0,,,,0
939,2015,"Thunder Bay, Ontario",2016S0503595,"At least one type of energy-saving light, excluding light emitting diode (LED) holiday lights",Percent,239,units,0,v92073316,38.6,94.0,,,,0
940,2015,"Thunder Bay, Ontario",2016S0503595,No energy saving lights,Percent,239,units,0,v92073317,38.7,,F,,,0
941,2015,"Winnipeg, Manitoba",2016S0503602,Compact fluorescent lights,Percent,239,units,0,v92073318,39.1,62.0,,,,0
942,2015,"Winnipeg, Manitoba",2016S0503602,Fluorescent tubes,Percent,239,units,0,v92073319,39.2,51.0,,,,0
943,2015,"Winnipeg, Manitoba",2016S0503602,Halogen lights,Percent,239,units,0,v92073320,39.3,34.0,,,,0
944,2015,"Winnipeg, Manitoba",2016S0503602,"Light emitting diode (LED) lights, excluding LED holiday lights",Percent,239,units,0,v92073321,39.8,30.0,,,,0
945,2015,"Winnipeg, Manitoba",2016S0503602,Light emitting diode (LED) holiday lights,Percent,239,units,0,v92073322,39.4,43.0,,,,0
946,2015,"Winnipeg, Manitoba",2016S0503602,At least one type of energy-saving light,Percent,239,units,0,v92073323,39.5,90.0,,,,0
947,2015,"Winnipeg, Manitoba",2016S0503602,"At least one type of energy-saving light, excluding light emitting diode (LED) holiday lights",Percent,239,units,0,v92073324,39.6,86.0,,,,0
948,2015,"Winnipeg, Manitoba",2016S0503602,No energy saving lights,Percent,239,units,0,v92073325,39.7,8.0,E,,,0
949,2015,"Regina, Saskatchewan",2016S0503705,Compact fluorescent lights,Percent,239,units,0,v92073326,40.1,63.0,,,,0
950,2015,"Regina, Saskatchewan",2016S0503705,Fluorescent tubes,Percent,239,units,0,v92073327,40.2,44.0,,,,0
951,2015,"Regina, Saskatchewan",2016S0503705,Halogen lights,Percent,239,units,0,v92073328,40.3,26.0,E,,,0
952,2015,"Regina, Saskatchewan",2016S0503705,"Light emitting diode (LED) lights, excluding LED holiday lights",Percent,239,units,0,v92073329,40.8,39.0,,,,0
953,2015,"Regina, Saskatchewan",2016S0503705,Light emitting diode (LED) holiday lights,Percent,239,units,0,v92073330,40.4,42.0,,,,0
954,2015,"Regina, Saskatchewan",2016S0503705,At least one type of energy-saving light,Percent,239,units,0,v92073331,40.5,85.0,,,,0
955,2015,"Regina, Saskatchewan",2016S0503705,"At least one type of energy-saving light, excluding light emitting diode (LED) holiday lights",Percent,239,units,0,v92073332,40.6,84.0,,,,0
956,2015,"Regina, Saskatchewan",2016S0503705,No energy saving lights,Percent,239,units,0,v92073333,40.7,,F,,,0
957,2015,"Saskatoon, Saskatchewan",2016S0503725,Compact fluorescent lights,Percent,239,units,0,v92073334,41.1,69.0,,,,0
958,2015,"Saskatoon, Saskatchewan",2016S0503725,Fluorescent tubes,Percent,239,units,0,v92073335,41.2,34.0,,,,0
959,2015,"Saskatoon, Saskatchewan",2016S0503725,Halogen lights,Percent,239,units,0,v92073336,41.3,35.0,E,,,0
960,2015,"Saskatoon, Saskatchewan",2016S0503725,"Light emitting diode (LED) lights, excluding LED holiday lights",Percent,239,units,0,v92073337,41.8,34.0,E,,,0
961,2015,"Saskatoon, Saskatchewan",2016S0503725,Light emitting diode (LED) holiday lights,Percent,239,units,0,v92073338,41.4,49.0,,,,0
962,2015,"Saskatoon, Saskatchewan",2016S0503725,At least one type of energy-saving light,Percent,239,units,0,v92073339,41.5,89.0,,,,0
963,2015,"Saskatoon, Saskatchewan",2016S0503725,"At least one type of energy-saving light, excluding light emitting diode (LED) holiday lights",Percent,239,units,0,v92073340,41.6,85.0,,,,0
964,2015,"Saskatoon, Saskatchewan",2016S0503725,No energy saving lights,Percent,239,units,0,v92073341,41.7,,F,,,0
965,2015,"Calgary, Alberta",2016S0503825,Compact fluorescent lights,Percent,239,units,0,v92073342,42.1,57.0,,,,0
966,2015,"Calgary, Alberta",2016S0503825,Fluorescent tubes,Percent,239,units,0,v92073343,42.2,39.0,,,,0
967,2015,"Calgary, Alberta",2016S0503825,Halogen lights,Percent,239,units,0,v92073344,42.3,32.0,,,,0
968,2015,"Calgary, Alberta",2016S0503825,"Light emitting diode (LED) lights, excluding LED holiday lights",Percent,239,units,0,v92073345,42.8,35.0,,,,0
969,2015,"Calgary, Alberta",2016S0503825,Light emitting diode (LED) holiday lights,Percent,239,units,0,v92073346,42.4,43.0,,,,0
970,2015,"Calgary, Alberta",2016S0503825,At least one type of energy-saving light,Percent,239,units,0,v92073347,42.5,87.0,,,,0
971,2015,"Calgary, Alberta",2016S0503825,"At least one type of energy-saving light, excluding light emitting diode (LED) holiday lights",Percent,239,units,0,v92073348,42.6,87.0,,,,0
972,2015,"Calgary, Alberta",2016S0503825,No energy saving lights,Percent,239,units,0,v92073349,42.7,12.0,E,,,0
973,2015,"Edmonton, Alberta",2016S0503835,Compact fluorescent lights,Percent,239,units,0,v92073350,43.1,63.0,,,,0
974,2015,"Edmonton, Alberta",2016S0503835,Fluorescent tubes,Percent,239,units,0,v92073351,43.2,42.0,,,,0
975,2015,"Edmonton, Alberta",2016S0503835,Halogen lights,Percent,239,units,0,v92073352,43.3,35.0,,,,0
976,2015,"Edmonton, Alberta",2016S0503835,"Light emitting diode (LED) lights, excluding LED holiday lights",Percent,239,units,0,v92073353,43.8,35.0,,,,0
977,2015,"Edmonton, Alberta",2016S0503835,Light emitting diode (LED) holiday lights,Percent,239,units,0,v92073354,43.4,40.0,,,,0
978,2015,"Edmonton, Alberta",2016S0503835,At least one type of energy-saving light,Percent,239,units,0,v92073355,43.5,89.0,,,,0
979,2015,"Edmonton, Alberta",2016S0503835,"At least one type of energy-saving light, excluding light emitting diode (LED) holiday lights",Percent,239,units,0,v92073356,43.6,85.0,,,,0
980,2015,"Edmonton, Alberta",2016S0503835,No energy saving lights,Percent,239,units,0,v92073357,43.7,10.0,E,,,0
981,2015,"Kelowna, British Columbia",2016S0503915,Compact fluorescent lights,Percent,239,units,0,v92073358,44.1,72.0,,,,0
982,2015,"Kelowna, British Columbia",2016S0503915,Fluorescent tubes,Percent,239,units,0,v92073359,44.2,42.0,E,,,0
983,2015,"Kelowna, British Columbia",2016S0503915,Halogen lights,Percent,239,units,0,v92073360,44.3,45.0,,,,0
984,2015,"Kelowna, British Columbia",2016S0503915,"Light emitting diode (LED) lights, excluding LED holiday lights",Percent,239,units,0,v92073361,44.8,43.0,E,,,0
985,2015,"Kelowna, British Columbia",2016S0503915,Light emitting diode (LED) holiday lights,Percent,239,units,0,v92073362,44.4,47.0,,,,0
986,2015,"Kelowna, British Columbia",2016S0503915,At least one type of energy-saving light,Percent,239,units,0,v92073363,44.5,97.0,,,,0
987,2015,"Kelowna, British Columbia",2016S0503915,"At least one type of energy-saving light, excluding light emitting diode (LED) holiday lights",Percent,239,units,0,v92073364,44.6,96.0,,,,0
988,2015,"Kelowna, British Columbia",2016S0503915,No energy saving lights,Percent,239,units,0,v92073365,44.7,,F,,,0
989,2015,"Abbotsford-Mission, British Columbia",2016S0503932,Compact fluorescent lights,Percent,239,units,0,v92073366,45.1,54.0,,,,0
990,2015,"Abbotsford-Mission, British Columbia",2016S0503932,Fluorescent tubes,Percent,239,units,0,v92073367,45.2,49.0,,,,0
991,2015,"Abbotsford-Mission, British Columbia",2016S0503932,Halogen lights,Percent,239,units,0,v92073368,45.3,26.0,E,,,0
992,2015,"Abbotsford-Mission, British Columbia",2016S0503932,"Light emitting diode (LED) lights, excluding LED holiday lights",Percent,239,units,0,v92073369,45.8,37.0,,,,0
993,2015,"Abbotsford-Mission, British Columbia",2016S0503932,Light emitting diode (LED) holiday lights,Percent,239,units,0,v92073370,45.4,49.0,,,,0
994,2015,"Abbotsford-Mission, British Columbia",2016S0503932,At least one type of energy-saving light,Percent,239,units,0,v92073371,45.5,91.0,,,,0
995,2015,"Abbotsford-Mission, British Columbia",2016S0503932,"At least one type of energy-saving light, excluding light emitting diode (LED) holiday lights",Percent,239,units,0,v92073372,45.6,89.0,,,,0
996,2015,"Abbotsford-Mission, British Columbia",2016S0503932,No energy saving lights,Percent,239,units,0,v92073373,45.7,,F,,,0
997,2015,"Vancouver, British Columbia",2016S0503933,Compact fluorescent lights,Percent,239,units,0,v92073374,46.1,61.0,,,,0
998,2015,"Vancouver, British Columbia",2016S0503933,Fluorescent tubes,Percent,239,units,0,v92073375,46.2,37.0,,,,0
999,2015,"Vancouver, British Columbia",2016S0503933,Halogen lights,Percent,239,units,0,v92073376,46.3,37.0,,,,0
1000,2015,"Vancouver, British Columbia",2016S0503933,"Light emitting diode (LED) lights, excluding LED holiday lights",Percent,239,units,0,v92073377,46.8,35.0,,,,0
1001,2015,"Vancouver, British Columbia",2016S0503933,Light emitting diode (LED) holiday lights,Percent,239,units,0,v92073378,46.4,39.0,,,,0
1002,2015,"Vancouver, British Columbia",2016S0503933,At least one type of energy-saving light,Percent,239,units,0,v92073379,46.5,89.0,,,,0
1003,2015,"Vancouver, British Columbia",2016S0503933,"At least one type of energy-saving light, excluding light emitting diode (LED) holiday lights",Percent,239,units,0,v92073380,46.6,87.0,,,,0
1004,2015,"Vancouver, British Columbia",2016S0503933,No energy saving lights,Percent,239,units,0,v92073381,46.7,8.0,E,,,0
1005,2015,"Victoria, British Columbia",2016S0503935,Compact fluorescent lights,Percent,239,units,0,v92073382,47.1,67.0,,,,0
1006,2015,"Victoria, British Columbia",2016S0503935,Fluorescent tubes,Percent,239,units,0,v92073383,47.2,32.0,,,,0
1007,2015,"Victoria, British Columbia",2016S0503935,Halogen lights,Percent,239,units,0,v92073384,47.3,38.0,,,,0
1008,2015,"Victoria, British Columbia",2016S0503935,"Light emitting diode (LED) lights, excluding LED holiday lights",Percent,239,units,0,v92073385,47.8,39.0,,,,0
1009,2015,"Victoria, British Columbia",2016S0503935,Light emitting diode (LED) holiday lights,Percent,239,units,0,v92073386,47.4,43.0,,,,0
1010,2015,"Victoria, British Columbia",2016S0503935,At least one type of energy-saving light,Percent,239,units,0,v92073387,47.5,92.0,,,,0
1011,2015,"Victoria, British Columbia",2016S0503935,"At least one type of energy-saving light, excluding light emitting diode (LED) holiday lights",Percent,239,units,0,v92073388,47.6,91.0,,,,0
1012,2015,"Victoria, British Columbia",2016S0503935,No energy saving lights,Percent,239,units,0,v92073389,47.7,,F,,,0
1013,2015,Non-census metropolitan areas,,Compact fluorescent lights,Percent,239,units,0,v92073390,48.1,69.0,,,,0
1014,2015,Non-census metropolitan areas,,Fluorescent tubes,Percent,239,units,0,v92073391,48.2,39.0,,,,0
1015,2015,Non-census metropolitan areas,,Halogen lights,Percent,239,units,0,v92073392,48.3,30.0,,,,0
1016,2015,Non-census metropolitan areas,,"Light emitting diode (LED) lights, excluding LED holiday lights",Percent,239,units,0,v92073393,48.8,28.0,,,,0
1017,2015,Non-census metropolitan areas,,Light emitting diode (LED) holiday lights,Percent,239,units,0,v92073394,48.4,44.0,,,,0
1018,2015,Non-census metropolitan areas,,At least one type of energy-saving light,Percent,239,units,0,v92073395,48.5,89.0,,,,0
1019,2015,Non-census metropolitan areas,,"At least one type of energy-saving light, excluding light emitting diode (LED) holiday lights",Percent,239,units,0,v92073396,48.6,87.0,,,,0
1020,2015,Non-census metropolitan areas,,No energy saving lights,Percent,239,units,0,v92073397,48.7,10.0,,,,0
1021,2017,Canada,2021A000011124,Compact fluorescent lights,Percent,239,units,0,v44185211,1.1,55.0,,,,0
1022,2017,Canada,2021A000011124,Fluorescent tubes,Percent,239,units,0,v44185212,1.2,32.0,,,,0
1023,2017,Canada,2021A000011124,Halogen lights,Percent,239,units,0,v44185213,1.3,28.0,,,,0
1024,2017,Canada,2021A000011124,"Light emitting diode (LED) lights, excluding LED holiday lights",Percent,239,units,0,v53599722,1.8,50.0,,,,0
1025,2017,Canada,2021A000011124,Light emitting diode (LED) holiday lights,Percent,239,units,0,v44185214,1.4,40.0,,,,0
1026,2017,Canada,2021A000011124,At least one type of energy-saving light,Percent,239,units,0,v44185215,1.5,90.0,,,,0
1027,2017,Canada,2021A000011124,"At least one type of energy-saving light, excluding light emitting diode (LED) holiday lights",Percent,239,units,0,v44185216,1.6,88.0,,,,0
1028,2017,Canada,2021A000011124,No energy saving lights,Percent,239,units,0,v44185217,1.7,9.0,,,,0
1029,2017,Newfoundland and Labrador,2021A000210,Compact fluorescent lights,Percent,239,units,0,v44185218,2.1,48.0,,,,0
1030,2017,Newfoundland and Labrador,2021A000210,Fluorescent tubes,Percent,239,units,0,v44185219,2.2,14.0,,,,0
1031,2017,Newfoundland and Labrador,2021A000210,Halogen lights,Percent,239,units,0,v44185220,2.3,11.0,E,,,0
1032,2017,Newfoundland and Labrador,2021A000210,"Light emitting diode (LED) lights, excluding LED holiday lights",Percent,239,units,0,v53599723,2.8,50.0,,,,0
1033,2017,Newfoundland and Labrador,2021A000210,Light emitting diode (LED) holiday lights,Percent,239,units,0,v44185221,2.4,36.0,,,,0
1034,2017,Newfoundland and Labrador,2021A000210,At least one type of energy-saving light,Percent,239,units,0,v44185222,2.5,85.0,,,,0
1035,2017,Newfoundland and Labrador,2021A000210,"At least one type of energy-saving light, excluding light emitting diode (LED) holiday lights",Percent,239,units,0,v44185223,2.6,81.0,,,,0
1036,2017,Newfoundland and Labrador,2021A000210,No energy saving lights,Percent,239,units,0,v44185224,2.7,13.0,,,,0
1037,2017,Prince Edward Island,2021A000211,Compact fluorescent lights,Percent,239,units,0,v44185225,3.1,63.0,,,,0
1038,2017,Prince Edward Island,2021A000211,Fluorescent tubes,Percent,239,units,0,v44185226,3.2,34.0,,,,0
1039,2017,Prince Edward Island,2021A000211,Halogen lights,Percent,239,units,0,v44185227,3.3,10.0,E,,,0
1040,2017,Prince Edward Island,2021A000211,"Light emitting diode (LED) lights, excluding LED holiday lights",Percent,239,units,0,v53599724,3.8,43.0,,,,0
1041,2017,Prince Edward Island,2021A000211,Light emitting diode (LED) holiday lights,Percent,239,units,0,v44185228,3.4,46.0,,,,0
1042,2017,Prince Edward Island,2021A000211,At least one type of energy-saving light,Percent,239,units,0,v44185229,3.5,89.0,,,,0
1043,2017,Prince Edward Island,2021A000211,"At least one type of energy-saving light, excluding light emitting diode (LED) holiday lights",Percent,239,units,0,v44185230,3.6,86.0,,,,0
1044,2017,Prince Edward Island,2021A000211,No energy saving lights,Percent,239,units,0,v44185231,3.7,8.0,E,,,0
1045,2017,Nova Scotia,2021A000212,Compact fluorescent lights,Percent,239,units,0,v44185232,4.1,61.0,,,,0
1046,2017,Nova Scotia,2021A000212,Fluorescent tubes,Percent,239,units,0,v44185233,4.2,24.0,,,,0
1047,2017,Nova Scotia,2021A000212,Halogen lights,Percent,239,units,0,v44185234,4.3,14.0,,,,0
1048,2017,Nova Scotia,2021A000212,"Light emitting diode (LED) lights, excluding LED holiday lights",Percent,239,units,0,v53599725,4.8,47.0,,,,0
1049,2017,Nova Scotia,2021A000212,Light emitting diode (LED) holiday lights,Percent,239,units,0,v44185235,4.4,37.0,,,,0
1050,2017,Nova Scotia,2021A000212,At least one type of energy-saving light,Percent,239,units,0,v44185236,4.5,89.0,,,,0
1051,2017,Nova Scotia,2021A000212,"At least one type of energy-saving light, excluding light emitting diode (LED) holiday lights",Percent,239,units,0,v44185237,4.6,87.0,,,,0
1052,2017,Nova Scotia,2021A000212,No energy saving lights,Percent,239,units,0,v44185238,4.7,10.0,,,,0
1053,2017,New Brunswick,2021A000213,Compact fluorescent lights,Percent,239,units,0,v44185239,5.1,44.0,,,,0
1054,2017,New Brunswick,2021A000213,Fluorescent tubes,Percent,239,units,0,v44185240,5.2,26.0,,,,0
1055,2017,New Brunswick,2021A000213,Halogen lights,Percent,239,units,0,v44185241,5.3,17.0,,,,0
1056,2017,New Brunswick,2021A000213,"Light emitting diode (LED) lights, excluding LED holiday lights",Percent,239,units,0,v53599726,5.8,47.0,,,,0
1057,2017,New Brunswick,2021A000213,Light emitting diode (LED) holiday lights,Percent,239,units,0,v44185242,5.4,38.0,,,,0
1058,2017,New Brunswick,2021A000213,At least one type of energy-saving light,Percent,239,units,0,v44185243,5.5,82.0,,,,0
1059,2017,New Brunswick,2021A000213,"At least one type of energy-saving light, excluding light emitting diode (LED) holiday lights",Percent,239,units,0,v44185244,5.6,79.0,,,,0
1060,2017,New Brunswick,2021A000213,No energy saving lights,Percent,239,units,0,v44185245,5.7,16.0,,,,0
1061,2017,Quebec,2021A000224,Compact fluorescent lights,Percent,239,units,0,v44185246,6.1,55.0,,,,0
1062,2017,Quebec,2021A000224,Fluorescent tubes,Percent,239,units,0,v44185247,6.2,31.0,,,,0
1063,2017,Quebec,2021A000224,Halogen lights,Percent,239,units,0,v44185248,6.3,43.0,,,,0
1064,2017,Quebec,2021A000224,"Light emitting diode (LED) lights, excluding LED holiday lights",Percent,239,units,0,v53599727,6.8,42.0,,,,0
1065,2017,Quebec,2021A000224,Light emitting diode (LED) holiday lights,Percent,239,units,0,v44185249,6.4,41.0,,,,0
1066,2017,Quebec,2021A000224,At least one type of energy-saving light,Percent,239,units,0,v44185250,6.5,87.0,,,,0
1067,2017,Quebec,2021A000224,"At least one type of energy-saving light, excluding light emitting diode (LED) holiday lights",Percent,239,units,0,v44185251,6.6,85.0,,,,0
1068,2017,Quebec,2021A000224,No energy saving lights,Percent,239,units,0,v44185252,6.7,12.0,,,,0
1069,2017,Ontario,2021A000235,Compact fluorescent lights,Percent,239,units,0,v44185253,7.1,58.0,,,,0
1070,2017,Ontario,2021A000235,Fluorescent tubes,Percent,239,units,0,v44185254,7.2,32.0,,,,0
1071,2017,Ontario,2021A000235,Halogen lights,Percent,239,units,0,v44185255,7.3,23.0,,,,0
1072,2017,Ontario,2021A000235,"Light emitting diode (LED) lights, excluding LED holiday lights",Percent,239,units,0,v53599728,7.8,55.0,,,,0
1073,2017,Ontario,2021A000235,Light emitting diode (LED) holiday lights,Percent,239,units,0,v44185256,7.4,39.0,,,,0
1074,2017,Ontario,2021A000235,At least one type of energy-saving light,Percent,239,units,0,v44185257,7.5,92.0,,,,0
1075,2017,Ontario,2021A000235,"At least one type of energy-saving light, excluding light emitting diode (LED) holiday lights",Percent,239,units,0,v44185258,7.6,91.0,,,,0
1076,2017,Ontario,2021A000235,No energy saving lights,Percent,239,units,0,v44185259,7.7,6.0,,,,0
1077,2017,Manitoba,2021A000246,Compact fluorescent lights,Percent,239,units,0,v44185260,8.1,55.0,,,,0
1078,2017,Manitoba,2021A000246,Fluorescent tubes,Percent,239,units,0,v44185261,8.2,41.0,,,,0
1079,2017,Manitoba,2021A000246,Halogen lights,Percent,239,units,0,v44185262,8.3,28.0,,,,0
1080,2017,Manitoba,2021A000246,"Light emitting diode (LED) lights, excluding LED holiday lights",Percent,239,units,0,v53599729,8.8,49.0,,,,0
1081,2017,Manitoba,2021A000246,Light emitting diode (LED) holiday lights,Percent,239,units,0,v44185263,8.4,41.0,,,,0
1082,2017,Manitoba,2021A000246,At least one type of energy-saving light,Percent,239,units,0,v44185264,8.5,90.0,,,,0
1083,2017,Manitoba,2021A000246,"At least one type of energy-saving light, excluding light emitting diode (LED) holiday lights",Percent,239,units,0,v44185265,8.6,88.0,,,,0
1084,2017,Manitoba,2021A000246,No energy saving lights,Percent,239,units,0,v44185266,8.7,9.0,E,,,0
1085,2017,Saskatchewan,2021A000247,Compact fluorescent lights,Percent,239,units,0,v44185267,9.1,43.0,,,,0
1086,2017,Saskatchewan,2021A000247,Fluorescent tubes,Percent,239,units,0,v44185268,9.2,41.0,,,,0
1087,2017,Saskatchewan,2021A000247,Halogen lights,Percent,239,units,0,v44185269,9.3,19.0,,,,0
1088,2017,Saskatchewan,2021A000247,"Light emitting diode (LED) lights, excluding LED holiday lights",Percent,239,units,0,v53599730,9.8,52.0,,,,0
1089,2017,Saskatchewan,2021A000247,Light emitting diode (LED) holiday lights,Percent,239,units,0,v44185270,9.4,36.0,,,,0
1090,2017,Saskatchewan,2021A000247,At least one type of energy-saving light,Percent,239,units,0,v44185271,9.5,89.0,,,,0
1091,2017,Saskatchewan,2021A000247,"At least one type of energy-saving light, excluding light emitting diode (LED) holiday lights",Percent,239,units,0,v44185272,9.6,87.0,,,,0
1092,2017,Saskatchewan,2021A000247,No energy saving lights,Percent,239,units,0,v44185273,9.7,10.0,E,,,0
1093,2017,Alberta,2021A000248,Compact fluorescent lights,Percent,239,units,0,v44185274,10.1,54.0,,,,0
1094,2017,Alberta,2021A000248,Fluorescent tubes,Percent,239,units,0,v44185275,10.2,32.0,,,,0
1095,2017,Alberta,2021A000248,Halogen lights,Percent,239,units,0,v44185276,10.3,25.0,,,,0
1096,2017,Alberta,2021A000248,"Light emitting diode (LED) lights, excluding LED holiday lights",Percent,239,units,0,v53599731,10.8,53.0,,,,0
1097,2017,Alberta,2021A000248,Light emitting diode (LED) holiday lights,Percent,239,units,0,v44185277,10.4,42.0,,,,0
1098,2017,Alberta,2021A000248,At least one type of energy-saving light,Percent,239,units,0,v44185278,10.5,91.0,,,,0
1099,2017,Alberta,2021A000248,"At least one type of energy-saving light, excluding light emitting diode (LED) holiday lights",Percent,239,units,0,v44185279,10.6,88.0,,,,0
1100,2017,Alberta,2021A000248,No energy saving lights,Percent,239,units,0,v44185280,10.7,8.0,,,,0
1101,2017,British Columbia,2021A000259,Compact fluorescent lights,Percent,239,units,0,v44185281,11.1,55.0,,,,0
1102,2017,British Columbia,2021A000259,Fluorescent tubes,Percent,239,units,0,v44185282,11.2,31.0,,,,0
1103,2017,British Columbia,2021A000259,Halogen lights,Percent,239,units,0,v44185283,11.3,27.0,,,,0
1104,2017,British Columbia,2021A000259,"Light emitting diode (LED) lights, excluding LED holiday lights",Percent,239,units,0,v53599732,11.8,51.0,,,,0
1105,2017,British Columbia,2021A000259,Light emitting diode (LED) holiday lights,Percent,239,units,0,v44185284,11.4,40.0,,,,0
1106,2017,British Columbia,2021A000259,At least one type of energy-saving light,Percent,239,units,0,v44185285,11.5,89.0,,,,0
1107,2017,British Columbia,2021A000259,"At least one type of energy-saving light, excluding light emitting diode (LED) holiday lights",Percent,239,units,0,v44185286,11.6,86.0,,,,0
1108,2017,British Columbia,2021A000259,No energy saving lights,Percent,239,units,0,v44185287,11.7,8.0,,,,0
1109,2017,Total census metropolitan areas,,Compact fluorescent lights,Percent,239,units,0,v92073102,12.1,55.0,,,,0
1110,2017,Total census metropolitan areas,,Fluorescent tubes,Percent,239,units,0,v92073103,12.2,31.0,,,,0
1111,2017,Total census metropolitan areas,,Halogen lights,Percent,239,units,0,v92073104,12.3,29.0,,,,0
1112,2017,Total census metropolitan areas,,"Light emitting diode (LED) lights, excluding LED holiday lights",Percent,239,units,0,v92073105,12.8,51.0,,,,0
1113,2017,Total census metropolitan areas,,Light emitting diode (LED) holiday lights,Percent,239,units,0,v92073106,12.4,40.0,,,,0
1114,2017,Total census metropolitan areas,,At least one type of energy-saving light,Percent,239,units,0,v92073107,12.5,90.0,,,,0
1115,2017,Total census metropolitan areas,,"At least one type of energy-saving light, excluding light emitting diode (LED) holiday lights",Percent,239,units,0,v92073108,12.6,88.0,,,,0
1116,2017,Total census metropolitan areas,,No energy saving lights,Percent,239,units,0,v92073109,12.7,8.0,,,,0
1117,2017,"St. John's, Newfoundland and Labrador",2016S05031,Compact fluorescent lights,Percent,239,units,0,v92073110,13.1,52.0,,,,0
1118,2017,"St. John's, Newfoundland and Labrador",2016S05031,Fluorescent tubes,Percent,239,units,0,v92073111,13.2,13.0,E,,,0
1119,2017,"St. John's, Newfoundland and Labrador",2016S05031,Halogen lights,Percent,239,units,0,v92073112,13.3,,F,,,0
1120,2017,"St. John's, Newfoundland and Labrador",2016S05031,"Light emitting diode (LED) lights, excluding LED holiday lights",Percent,239,units,0,v92073113,13.8,52.0,,,,0
1121,2017,"St. John's, Newfoundland and Labrador",2016S05031,Light emitting diode (LED) holiday lights,Percent,239,units,0,v92073114,13.4,39.0,,,,0
1122,2017,"St. John's, Newfoundland and Labrador",2016S05031,At least one type of energy-saving light,Percent,239,units,0,v92073115,13.5,87.0,,,,0
1123,2017,"St. John's, Newfoundland and Labrador",2016S05031,"At least one type of energy-saving light, excluding light emitting diode (LED) holiday lights",Percent,239,units,0,v92073116,13.6,84.0,,,,0
1124,2017,"St. John's, Newfoundland and Labrador",2016S05031,No energy saving lights,Percent,239,units,0,v92073117,13.7,,F,,,0
1125,2017,"Halifax, Nova Scotia",2016S0503205,Compact fluorescent lights,Percent,239,units,0,v92073118,14.1,66.0,,,,0
1126,2017,"Halifax, Nova Scotia",2016S0503205,Fluorescent tubes,Percent,239,units,0,v92073119,14.2,18.0,,,,0
1127,2017,"Halifax, Nova Scotia",2016S0503205,Halogen lights,Percent,239,units,0,v92073120,14.3,20.0,E,,,0
1128,2017,"Halifax, Nova Scotia",2016S0503205,"Light emitting diode (LED) lights, excluding LED holiday lights",Percent,239,units,0,v92073121,14.8,48.0,,,,0
1129,2017,"Halifax, Nova Scotia",2016S0503205,Light emitting diode (LED) holiday lights,Percent,239,units,0,v92073122,14.4,41.0,,,,0
1130,2017,"Halifax, Nova Scotia",2016S0503205,At least one type of energy-saving light,Percent,239,units,0,v92073123,14.5,90.0,,,,0
1131,2017,"Halifax, Nova Scotia",2016S0503205,"At least one type of energy-saving light, excluding light emitting diode (LED) holiday lights",Percent,239,units,0,v92073124,14.6,88.0,,,,0
1132,2017,"Halifax, Nova Scotia",2016S0503205,No energy saving lights,Percent,239,units,0,v92073125,14.7,,F,,,0
1133,2017,"Moncton, New Brunswick",2016S0503305,Compact fluorescent lights,Percent,239,units,0,v92073126,15.1,42.0,E,,,0
1134,2017,"Moncton, New Brunswick",2016S0503305,Fluorescent tubes,Percent,239,units,0,v92073127,15.2,30.0,E,,,0
1135,2017,"Moncton, New Brunswick",2016S0503305,Halogen lights,Percent,239,units,0,v92073128,15.3,,F,,,0
1136,2017,"Moncton, New Brunswick",2016S0503305,"Light emitting diode (LED) lights, excluding LED holiday lights",Percent,239,units,0,v92073129,15.8,56.0,,,,0
1137,2017,"Moncton, New Brunswick",2016S0503305,Light emitting diode (LED) holiday lights,Percent,239,units,0,v92073130,15.4,37.0,,,,0
1138,2017,"Moncton, New Brunswick",2016S0503305,At least one type of energy-saving light,Percent,239,units,0,v92073131,15.5,94.0,,,,0
1139,2017,"Moncton, New Brunswick",2016S0503305,"At least one type of energy-saving light, excluding light emitting diode (LED) holiday lights",Percent,239,units,0,v92073132,15.6,91.0,,,,0
1140,2017,"Moncton, New Brunswick",2016S0503305,No energy saving lights,Percent,239,units,0,v92073133,15.7,,F,,,0
1141,2017,"Saint John, New Brunswick",2016S0503310,Compact fluorescent lights,Percent,239,units,0,v92073134,16.1,54.0,,,,0
1142,2017,"Saint John, New Brunswick",2016S0503310,Fluorescent tubes,Percent,239,units,0,v92073135,16.2,33.0,E,,,0
1143,2017,"Saint John, New Brunswick",2016S0503310,Halogen lights,Percent,239,units,0,v92073136,16.3,,F,,,0
1144,2017,"Saint John, New Brunswick",2016S0503310,"Light emitting diode (LED) lights, excluding LED holiday lights",Percent,239,units,0,v92073137,16.8,40.0,E,,,0
1145,2017,"Saint John, New Brunswick",2016S0503310,Light emitting diode (LED) holiday lights,Percent,239,units,0,v92073138,16.4,38.0,E,,,0
1146,2017,"Saint John, New Brunswick",2016S0503310,At least one type of energy-saving light,Percent,239,units,0,v92073139,16.5,81.0,,,,0
1147,2017,"Saint John, New Brunswick",2016S0503310,"At least one type of energy-saving light, excluding light emitting diode (LED) holiday lights",Percent,239,units,0,v92073140,16.6,80.0,,,,0
1148,2017,"Saint John, New Brunswick",2016S0503310,No energy saving lights,Percent,239,units,0,v92073141,16.7,,F,,,0
1149,2017,"Saguenay, Quebec",2016S0503408,Compact fluorescent lights,Percent,239,units,0,v92073142,17.1,43.0,,,,0
1150,2017,"Saguenay, Quebec",2016S0503408,Fluorescent tubes,Percent,239,units,0,v92073143,17.2,31.0,E,,,0
1151,2017,"Saguenay, Quebec",2016S0503408,Halogen lights,Percent,239,units,0,v92073144,17.3,43.0,,,,0
1152,2017,"Saguenay, Quebec",2016S0503408,"Light emitting diode (LED) lights, excluding LED holiday lights",Percent,239,units,0,v92073145,17.8,37.0,,,,0
1153,2017,"Saguenay, Quebec",2016S0503408,Light emitting diode (LED) holiday lights,Percent,239,units,0,v92073146,17.4,42.0,,,,0
1154,2017,"Saguenay, Quebec",2016S0503408,At least one type of energy-saving light,Percent,239,units,0,v92073147,17.5,76.0,,,,0
1155,2017,"Saguenay, Quebec",2016S0503408,"At least one type of energy-saving light, excluding light emitting diode (LED) holiday lights",Percent,239,units,0,v92073148,17.6,73.0,,,,0
1156,2017,"Saguenay, Quebec",2016S0503408,No energy saving lights,Percent,239,units,0,v92073149,17.7,21.0,E,,,0
1157,2017,"Québec, Quebec",2016S0503421,Compact fluorescent lights,Percent,239,units,0,v92073150,18.1,54.0,,,,0
1158,2017,"Québec, Quebec",2016S0503421,Fluorescent tubes,Percent,239,units,0,v92073151,18.2,30.0,,,,0
1159,2017,"Québec, Quebec",2016S0503421,Halogen lights,Percent,239,units,0,v92073152,18.3,45.0,,,,0
1160,2017,"Québec, Quebec",2016S0503421,"Light emitting diode (LED) lights, excluding LED holiday lights",Percent,239,units,0,v92073153,18.8,41.0,,,,0
1161,2017,"Québec, Quebec",2016S0503421,Light emitting diode (LED) holiday lights,Percent,239,units,0,v92073154,18.4,42.0,,,,0
1162,2017,"Québec, Quebec",2016S0503421,At least one type of energy-saving light,Percent,239,units,0,v92073155,18.5,86.0,,,,0
1163,2017,"Québec, Quebec",2016S0503421,"At least one type of energy-saving light, excluding light emitting diode (LED) holiday lights",Percent,239,units,0,v92073156,18.6,84.0,,,,0
1164,2017,"Québec, Quebec",2016S0503421,No energy saving lights,Percent,239,units,0,v92073157,18.7,12.0,E,,,0
1165,2017,"Sherbrooke, Quebec",2016S0503433,Compact fluorescent lights,Percent,239,units,0,v92073158,19.1,61.0,,,,0
1166,2017,"Sherbrooke, Quebec",2016S0503433,Fluorescent tubes,Percent,239,units,0,v92073159,19.2,27.0,E,,,0
1167,2017,"Sherbrooke, Quebec",2016S0503433,Halogen lights,Percent,239,units,0,v92073160,19.3,44.0,,,,0
1168,2017,"Sherbrooke, Quebec",2016S0503433,"Light emitting diode (LED) lights, excluding LED holiday lights",Percent,239,units,0,v92073161,19.8,41.0,,,,0
1169,2017,"Sherbrooke, Quebec",2016S0503433,Light emitting diode (LED) holiday lights,Percent,239,units,0,v92073162,19.4,50.0,,,,0
1170,2017,"Sherbrooke, Quebec",2016S0503433,At least one type of energy-saving light,Percent,239,units,0,v92073163,19.5,88.0,,,,0
1171,2017,"Sherbrooke, Quebec",2016S0503433,"At least one type of energy-saving light, excluding light emitting diode (LED) holiday lights",Percent,239,units,0,v92073164,19.6,87.0,,,,0
1172,2017,"Sherbrooke, Quebec",2016S0503433,No energy saving lights,Percent,239,units,0,v92073165,19.7,,F,,,0
1173,2017,"Trois-Rivières, Quebec",2016S0503442,Compact fluorescent lights,Percent,239,units,0,v92073166,20.1,59.0,,,,0
1174,2017,"Trois-Rivières, Quebec",2016S0503442,Fluorescent tubes,Percent,239,units,0,v92073167,20.2,39.0,E,,,0
1175,2017,"Trois-Rivières, Quebec",2016S0503442,Halogen lights,Percent,239,units,0,v92073168,20.3,36.0,E,,,0
1176,2017,"Trois-Rivières, Quebec",2016S0503442,"Light emitting diode (LED) lights, excluding LED holiday lights",Percent,239,units,0,v92073169,20.8,33.0,E,,,0
1177,2017,"Trois-Rivières, Quebec",2016S0503442,Light emitting diode (LED) holiday lights,Percent,239,units,0,v92073170,20.4,44.0,E,,,0
1178,2017,"Trois-Rivières, Quebec",2016S0503442,At least one type of energy-saving light,Percent,239,units,0,v92073171,20.5,89.0,,,,0
1179,2017,"Trois-Rivières, Quebec",2016S0503442,"At least one type of energy-saving light, excluding light emitting diode (LED) holiday lights",Percent,239,units,0,v92073172,20.6,79.0,,,,0
1180,2017,"Trois-Rivières, Quebec",2016S0503442,No energy saving lights,Percent,239,units,0,v92073173,20.7,,F,,,0
1181,2017,"Montréal, Quebec",2016S0503462,Compact fluorescent lights,Percent,239,units,0,v92073174,21.1,55.0,,,,0
1182,2017,"Montréal, Quebec",2016S0503462,Fluorescent tubes,Percent,239,units,0,v92073175,21.2,30.0,,,,0
1183,2017,"Montréal, Quebec",2016S0503462,Halogen lights,Percent,239,units,0,v92073176,21.3,44.0,,,,0
1184,2017,"Montréal, Quebec",2016S0503462,"Light emitting diode (LED) lights, excluding LED holiday lights",Percent,239,units,0,v92073177,21.8,42.0,,,,0
1185,2017,"Montréal, Quebec",2016S0503462,Light emitting diode (LED) holiday lights,Percent,239,units,0,v92073178,21.4,39.0,,,,0
1186,2017,"Montréal, Quebec",2016S0503462,At least one type of energy-saving light,Percent,239,units,0,v92073179,21.5,87.0,,,,0
1187,2017,"Montréal, Quebec",2016S0503462,"At least one type of energy-saving light, excluding light emitting diode (LED) holiday lights",Percent,239,units,0,v92073180,21.6,85.0,,,,0
1188,2017,"Montréal, Quebec",2016S0503462,No energy saving lights,Percent,239,units,0,v92073181,21.7,12.0,,,,0
1189,2017,"Ottawa-Gatineau, Ontario/Quebec",2016S0503505,Compact fluorescent lights,Percent,239,units,0,v92073182,22.1,63.0,,,,0
1190,2017,"Ottawa-Gatineau, Ontario/Quebec",2016S0503505,Fluorescent tubes,Percent,239,units,0,v92073183,22.2,32.0,,,,0
1191,2017,"Ottawa-Gatineau, Ontario/Quebec",2016S0503505,Halogen lights,Percent,239,units,0,v92073184,22.3,31.0,,,,0
1192,2017,"Ottawa-Gatineau, Ontario/Quebec",2016S0503505,"Light emitting diode (LED) lights, excluding LED holiday lights",Percent,239,units,0,v92073185,22.8,48.0,,,,0
1193,2017,"Ottawa-Gatineau, Ontario/Quebec",2016S0503505,Light emitting diode (LED) holiday lights,Percent,239,units,0,v92073186,22.4,44.0,,,,0
1194,2017,"Ottawa-Gatineau, Ontario/Quebec",2016S0503505,At least one type of energy-saving light,Percent,239,units,0,v92073187,22.5,90.0,,,,0
1195,2017,"Ottawa-Gatineau, Ontario/Quebec",2016S0503505,"At least one type of energy-saving light, excluding light emitting diode (LED) holiday lights",Percent,239,units,0,v92073188,22.6,90.0,,,,0
1196,2017,"Ottawa-Gatineau, Ontario/Quebec",2016S0503505,No energy saving lights,Percent,239,units,0,v92073189,22.7,9.0,E,,,0
1197,2017,Ottawa-Gatineau (Quebec part),2016S050524505,Compact fluorescent lights,Percent,239,units,0,v92073190,23.1,60.0,,,,0
1198,2017,Ottawa-Gatineau (Quebec part),2016S050524505,Fluorescent tubes,Percent,239,units,0,v92073191,23.2,27.0,,,,0
1199,2017,Ottawa-Gatineau (Quebec part),2016S050524505,Halogen lights,Percent,239,units,0,v92073192,23.3,44.0,,,,0
1200,2017,Ottawa-Gatineau (Quebec part),2016S050524505,"Light emitting diode (LED) lights, excluding LED holiday lights",Percent,239,units,0,v92073193,23.8,45.0,,,,0
1201,2017,Ottawa-Gatineau (Quebec part),2016S050524505,Light emitting diode (LED) holiday lights,Percent,239,units,0,v92073194,23.4,40.0,,,,0
1202,2017,Ottawa-Gatineau (Quebec part),2016S050524505,At least one type of energy-saving light,Percent,239,units,0,v92073195,23.5,90.0,,,,0
1203,2017,Ottawa-Gatineau (Quebec part),2016S050524505,"At least one type of energy-saving light, excluding light emitting diode (LED) holiday lights",Percent,239,units,0,v92073196,23.6,90.0,,,,0
1204,2017,Ottawa-Gatineau (Quebec part),2016S050524505,No energy saving lights,Percent,239,units,0,v92073197,23.7,9.0,E,,,0
1205,2017,Ottawa-Gatineau (Ontario part),2016S050535505,Compact fluorescent lights,Percent,239,units,0,v92073198,24.1,65.0,,,,0
1206,2017,Ottawa-Gatineau (Ontario part),2016S050535505,Fluorescent tubes,Percent,239,units,0,v92073199,24.2,34.0,,,,0
1207,2017,Ottawa-Gatineau (Ontario part),2016S050535505,Halogen lights,Percent,239,units,0,v92073200,24.3,27.0,,,,0
1208,2017,Ottawa-Gatineau (Ontario part),2016S050535505,"Light emitting diode (LED) lights, excluding LED holiday lights",Percent,239,units,0,v92073201,24.8,50.0,,,,0
1209,2017,Ottawa-Gatineau (Ontario part),2016S050535505,Light emitting diode (LED) holiday lights,Percent,239,units,0,v92073202,24.4,45.0,,,,0
1210,2017,Ottawa-Gatineau (Ontario part),2016S050535505,At least one type of energy-saving light,Percent,239,units,0,v92073203,24.5,90.0,,,,0
1211,2017,Ottawa-Gatineau (Ontario part),2016S050535505,"At least one type of energy-saving light, excluding light emitting diode (LED) holiday lights",Percent,239,units,0,v92073204,24.6,89.0,,,,0
1212,2017,Ottawa-Gatineau (Ontario part),2016S050535505,No energy saving lights,Percent,239,units,0,v92073205,24.7,,F,,,0
1213,2017,"Kingston, Ontario",2016S0503521,Compact fluorescent lights,Percent,239,units,0,v92073206,25.1,72.0,,,,0
1214,2017,"Kingston, Ontario",2016S0503521,Fluorescent tubes,Percent,239,units,0,v92073207,25.2,39.0,,,,0
1215,2017,"Kingston, Ontario",2016S0503521,Halogen lights,Percent,239,units,0,v92073208,25.3,32.0,,,,0
1216,2017,"Kingston, Ontario",2016S0503521,"Light emitting diode (LED) lights, excluding LED holiday lights",Percent,239,units,0,v92073209,25.8,59.0,,,,0
1217,2017,"Kingston, Ontario",2016S0503521,Light emitting diode (LED) holiday lights,Percent,239,units,0,v92073210,25.4,49.0,,,,0
1218,2017,"Kingston, Ontario",2016S0503521,At least one type of energy-saving light,Percent,239,units,0,v92073211,25.5,97.0,,,,0
1219,2017,"Kingston, Ontario",2016S0503521,"At least one type of energy-saving light, excluding light emitting diode (LED) holiday lights",Percent,239,units,0,v92073212,25.6,96.0,,,,0
1220,2017,"Kingston, Ontario",2016S0503521,No energy saving lights,Percent,239,units,0,v92073213,25.7,,F,,,0
1221,2017,"Peterborough, Ontario",2016S0503529,Compact fluorescent lights,Percent,239,units,0,v92073214,26.1,65.0,,,,0
1222,2017,"Peterborough, Ontario",2016S0503529,Fluorescent tubes,Percent,239,units,0,v92073215,26.2,40.0,E,,,0
1223,2017,"Peterborough, Ontario",2016S0503529,Halogen lights,Percent,239,units,0,v92073216,26.3,27.0,E,,,0
1224,2017,"Peterborough, Ontario",2016S0503529,"Light emitting diode (LED) lights, excluding LED holiday lights",Percent,239,units,0,v92073217,26.8,56.0,,,,0
1225,2017,"Peterborough, Ontario",2016S0503529,Light emitting diode (LED) holiday lights,Percent,239,units,0,v92073218,26.4,52.0,,,,0
1226,2017,"Peterborough, Ontario",2016S0503529,At least one type of energy-saving light,Percent,239,units,0,v92073219,26.5,90.0,,,,0
1227,2017,"Peterborough, Ontario",2016S0503529,"At least one type of energy-saving light, excluding light emitting diode (LED) holiday lights",Percent,239,units,0,v92073220,26.6,89.0,,,,0
1228,2017,"Peterborough, Ontario",2016S0503529,No energy saving lights,Percent,239,units,0,v92073221,26.7,,F,,,0
1229,2017,"Oshawa, Ontario",2016S0503532,Compact fluorescent lights,Percent,239,units,0,v92073222,27.1,71.0,,,,0
1230,2017,"Oshawa, Ontario",2016S0503532,Fluorescent tubes,Percent,239,units,0,v92073223,27.2,35.0,E,,,0
1231,2017,"Oshawa, Ontario",2016S0503532,Halogen lights,Percent,239,units,0,v92073224,27.3,30.0,E,,,0
1232,2017,"Oshawa, Ontario",2016S0503532,"Light emitting diode (LED) lights, excluding LED holiday lights",Percent,239,units,0,v92073225,27.8,52.0,,,,0
1233,2017,"Oshawa, Ontario",2016S0503532,Light emitting diode (LED) holiday lights,Percent,239,units,0,v92073226,27.4,56.0,,,,0
1234,2017,"Oshawa, Ontario",2016S0503532,At least one type of energy-saving light,Percent,239,units,0,v92073227,27.5,94.0,,,,0
1235,2017,"Oshawa, Ontario",2016S0503532,"At least one type of energy-saving light, excluding light emitting diode (LED) holiday lights",Percent,239,units,0,v92073228,27.6,93.0,,,,0
1236,2017,"Oshawa, Ontario",2016S0503532,No energy saving lights,Percent,239,units,0,v92073229,27.7,,F,,,0
1237,2017,"Toronto, Ontario",2016S0503535,Compact fluorescent lights,Percent,239,units,0,v92073230,28.1,53.0,,,,0
1238,2017,"Toronto, Ontario",2016S0503535,Fluorescent tubes,Percent,239,units,0,v92073231,28.2,29.0,,,,0
1239,2017,"Toronto, Ontario",2016S0503535,Halogen lights,Percent,239,units,0,v92073232,28.3,23.0,,,,0
1240,2017,"Toronto, Ontario",2016S0503535,"Light emitting diode (LED) lights, excluding LED holiday lights",Percent,239,units,0,v92073233,28.8,57.0,,,,0
1241,2017,"Toronto, Ontario",2016S0503535,Light emitting diode (LED) holiday lights,Percent,239,units,0,v92073234,28.4,33.0,,,,0
1242,2017,"Toronto, Ontario",2016S0503535,At least one type of energy-saving light,Percent,239,units,0,v92073235,28.5,91.0,,,,0
1243,2017,"Toronto, Ontario",2016S0503535,"At least one type of energy-saving light, excluding light emitting diode (LED) holiday lights",Percent,239,units,0,v92073236,28.6,90.0,,,,0
1244,2017,"Toronto, Ontario",2016S0503535,No energy saving lights,Percent,239,units,0,v92073237,28.7,6.0,E,,,0
1245,2017,"Hamilton, Ontario",2016S0503537,Compact fluorescent lights,Percent,239,units,0,v92073238,29.1,53.0,,,,0
1246,2017,"Hamilton, Ontario",2016S0503537,Fluorescent tubes,Percent,239,units,0,v92073239,29.2,28.0,,,,0
1247,2017,"Hamilton, Ontario",2016S0503537,Halogen lights,Percent,239,units,0,v92073240,29.3,26.0,E,,,0
1248,2017,"Hamilton, Ontario",2016S0503537,"Light emitting diode (LED) lights, excluding LED holiday lights",Percent,239,units,0,v92073241,29.8,61.0,,,,0
1249,2017,"Hamilton, Ontario",2016S0503537,Light emitting diode (LED) holiday lights,Percent,239,units,0,v92073242,29.4,44.0,,,,0
1250,2017,"Hamilton, Ontario",2016S0503537,At least one type of energy-saving light,Percent,239,units,0,v92073243,29.5,94.0,,,,0
1251,2017,"Hamilton, Ontario",2016S0503537,"At least one type of energy-saving light, excluding light emitting diode (LED) holiday lights",Percent,239,units,0,v92073244,29.6,93.0,,,,0
1252,2017,"Hamilton, Ontario",2016S0503537,No energy saving lights,Percent,239,units,0,v92073245,29.7,,F,,,0
1253,2017,"St. Catharines-Niagara, Ontario",2016S0503539,Compact fluorescent lights,Percent,239,units,0,v92073246,30.1,63.0,,,,0
1254,2017,"St. Catharines-Niagara, Ontario",2016S0503539,Fluorescent tubes,Percent,239,units,0,v92073247,30.2,40.0,,,,0
1255,2017,"St. Catharines-Niagara, Ontario",2016S0503539,Halogen lights,Percent,239,units,0,v92073248,30.3,23.0,E,,,0
1256,2017,"St. Catharines-Niagara, Ontario",2016S0503539,"Light emitting diode (LED) lights, excluding LED holiday lights",Percent,239,units,0,v92073249,30.8,51.0,,,,0
1257,2017,"St. Catharines-Niagara, Ontario",2016S0503539,Light emitting diode (LED) holiday lights,Percent,239,units,0,v92073250,30.4,37.0,,,,0
1258,2017,"St. Catharines-Niagara, Ontario",2016S0503539,At least one type of energy-saving light,Percent,239,units,0,v92073251,30.5,91.0,,,,0
1259,2017,"St. Catharines-Niagara, Ontario",2016S0503539,"At least one type of energy-saving light, excluding light emitting diode (LED) holiday lights",Percent,239,units,0,v92073252,30.6,90.0,,,,0
1260,2017,"St. Catharines-Niagara, Ontario",2016S0503539,No energy saving lights,Percent,239,units,0,v92073253,30.7,,F,,,0
1261,2017,"Kitchener-Cambridge-Waterloo, Ontario",2016S0503541,Compact fluorescent lights,Percent,239,units,0,v92073254,31.1,59.0,,,,0
1262,2017,"Kitchener-Cambridge-Waterloo, Ontario",2016S0503541,Fluorescent tubes,Percent,239,units,0,v92073255,31.2,33.0,,,,0
1263,2017,"Kitchener-Cambridge-Waterloo, Ontario",2016S0503541,Halogen lights,Percent,239,units,0,v92073256,31.3,19.0,E,,,0
1264,2017,"Kitchener-Cambridge-Waterloo, Ontario",2016S0503541,"Light emitting diode (LED) lights, excluding LED holiday lights",Percent,239,units,0,v92073257,31.8,52.0,,,,0
1265,2017,"Kitchener-Cambridge-Waterloo, Ontario",2016S0503541,Light emitting diode (LED) holiday lights,Percent,239,units,0,v92073258,31.4,49.0,,,,0
1266,2017,"Kitchener-Cambridge-Waterloo, Ontario",2016S0503541,At least one type of energy-saving light,Percent,239,units,0,v92073259,31.5,86.0,,,,0
1267,2017,"Kitchener-Cambridge-Waterloo, Ontario",2016S0503541,"At least one type of energy-saving light, excluding light emitting diode (LED) holiday lights",Percent,239,units,0,v92073260,31.6,83.0,,,,0
1268,2017,"Kitchener-Cambridge-Waterloo, Ontario",2016S0503541,No energy saving lights,Percent,239,units,0,v92073261,31.7,,F,,,0
1269,2017,"Brantford, Ontario",2016S0503543,Compact fluorescent lights,Percent,239,units,0,v92073262,32.1,46.0,E,,,0
1270,2017,"Brantford, Ontario",2016S0503543,Fluorescent tubes,Percent,239,units,0,v92073263,32.2,37.0,E,,,0
1271,2017,"Brantford, Ontario",2016S0503543,Halogen lights,Percent,239,units,0,v92073264,32.3,37.0,E,,,0
1272,2017,"Brantford, Ontario",2016S0503543,"Light emitting diode (LED) lights, excluding LED holiday lights",Percent,239,units,0,v92073265,32.8,43.0,E,,,0
1273,2017,"Brantford, Ontario",2016S0503543,Light emitting diode (LED) holiday lights,Percent,239,units,0,v92073266,32.4,47.0,E,,,0
1274,2017,"Brantford, Ontario",2016S0503543,At least one type of energy-saving light,Percent,239,units,0,v92073267,32.5,90.0,,,,0
1275,2017,"Brantford, Ontario",2016S0503543,"At least one type of energy-saving light, excluding light emitting diode (LED) holiday lights",Percent,239,units,0,v92073268,32.6,86.0,,,,0
1276,2017,"Brantford, Ontario",2016S0503543,No energy saving lights,Percent,239,units,0,v92073269,32.7,,F,,,0
1277,2017,"Guelph, Ontario",2016S0503550,Compact fluorescent lights,Percent,239,units,0,v92073270,33.1,64.0,,,,0
1278,2017,"Guelph, Ontario",2016S0503550,Fluorescent tubes,Percent,239,units,0,v92073271,33.2,26.0,E,,,0
1279,2017,"Guelph, Ontario",2016S0503550,Halogen lights,Percent,239,units,0,v92073272,33.3,38.0,E,,,0
1280,2017,"Guelph, Ontario",2016S0503550,"Light emitting diode (LED) lights, excluding LED holiday lights",Percent,239,units,0,v92073273,33.8,40.0,E,,,0
1281,2017,"Guelph, Ontario",2016S0503550,Light emitting diode (LED) holiday lights,Percent,239,units,0,v92073274,33.4,51.0,E,,,0
1282,2017,"Guelph, Ontario",2016S0503550,At least one type of energy-saving light,Percent,239,units,0,v92073275,33.5,96.0,,,,0
1283,2017,"Guelph, Ontario",2016S0503550,"At least one type of energy-saving light, excluding light emitting diode (LED) holiday lights",Percent,239,units,0,v92073276,33.6,95.0,,,,0
1284,2017,"Guelph, Ontario",2016S0503550,No energy saving lights,Percent,239,units,0,v92073277,33.7,,F,,,0
1285,2017,"London, Ontario",2016S0503555,Compact fluorescent lights,Percent,239,units,0,v92073278,34.1,61.0,,,,0
1286,2017,"London, Ontario",2016S0503555,Fluorescent tubes,Percent,239,units,0,v92073279,34.2,35.0,,,,0
1287,2017,"London, Ontario",2016S0503555,Halogen lights,Percent,239,units,0,v92073280,34.3,29.0,E,,,0
1288,2017,"London, Ontario",2016S0503555,"Light emitting diode (LED) lights, excluding LED holiday lights",Percent,239,units,0,v92073281,34.8,51.0,,,,0
1289,2017,"London, Ontario",2016S0503555,Light emitting diode (LED) holiday lights,Percent,239,units,0,v92073282,34.4,33.0,,,,0
1290,2017,"London, Ontario",2016S0503555,At least one type of energy-saving light,Percent,239,units,0,v92073283,34.5,91.0,,,,0
1291,2017,"London, Ontario",2016S0503555,"At least one type of energy-saving light, excluding light emitting diode (LED) holiday lights",Percent,239,units,0,v92073284,34.6,88.0,,,,0
1292,2017,"London, Ontario",2016S0503555,No energy saving lights,Percent,239,units,0,v92073285,34.7,,F,,,0
1293,2017,"Windsor, Ontario",2016S0503559,Compact fluorescent lights,Percent,239,units,0,v92073286,35.1,61.0,,,,0
1294,2017,"Windsor, Ontario",2016S0503559,Fluorescent tubes,Percent,239,units,0,v92073287,35.2,32.0,E,,,0
1295,2017,"Windsor, Ontario",2016S0503559,Halogen lights,Percent,239,units,0,v92073288,35.3,20.0,E,,,0
1296,2017,"Windsor, Ontario",2016S0503559,"Light emitting diode (LED) lights, excluding LED holiday lights",Percent,239,units,0,v92073289,35.8,53.0,E,,,0
1297,2017,"Windsor, Ontario",2016S0503559,Light emitting diode (LED) holiday lights,Percent,239,units,0,v92073290,35.4,36.0,E,,,0
1298,2017,"Windsor, Ontario",2016S0503559,At least one type of energy-saving light,Percent,239,units,0,v92073291,35.5,90.0,,,,0
1299,2017,"Windsor, Ontario",2016S0503559,"At least one type of energy-saving light, excluding light emitting diode (LED) holiday lights",Percent,239,units,0,v92073292,35.6,88.0,,,,0
1300,2017,"Windsor, Ontario",2016S0503559,No energy saving lights,Percent,239,units,0,v92073293,35.7,,F,,,0
1301,2017,"Barrie, Ontario",2016S0503568,Compact fluorescent lights,Percent,239,units,0,v92073294,36.1,46.0,E,,,0
1302,2017,"Barrie, Ontario",2016S0503568,Fluorescent tubes,Percent,239,units,0,v92073295,36.2,38.0,E,,,0
1303,2017,"Barrie, Ontario",2016S0503568,Halogen lights,Percent,239,units,0,v92073296,36.3,,F,,,0
1304,2017,"Barrie, Ontario",2016S0503568,"Light emitting diode (LED) lights, excluding LED holiday lights",Percent,239,units,0,v92073297,36.8,54.0,E,,,0
1305,2017,"Barrie, Ontario",2016S0503568,Light emitting diode (LED) holiday lights,Percent,239,units,0,v92073298,36.4,58.0,,,,0
1306,2017,"Barrie, Ontario",2016S0503568,At least one type of energy-saving light,Percent,239,units,0,v92073299,36.5,91.0,,,,0
1307,2017,"Barrie, Ontario",2016S0503568,"At least one type of energy-saving light, excluding light emitting diode (LED) holiday lights",Percent,239,units,0,v92073300,36.6,91.0,,,,0
1308,2017,"Barrie, Ontario",2016S0503568,No energy saving lights,Percent,239,units,0,v92073301,36.7,,F,,,0
1309,2017,"Greater Sudbury, Ontario",2016S0503580,Compact fluorescent lights,Percent,239,units,0,v92073302,37.1,59.0,,,,0
1310,2017,"Greater Sudbury, Ontario",2016S0503580,Fluorescent tubes,Percent,239,units,0,v92073303,37.2,32.0,E,,,0
1311,2017,"Greater Sudbury, Ontario",2016S0503580,Halogen lights,Percent,239,units,0,v92073304,37.3,22.0,E,,,0
1312,2017,"Greater Sudbury, Ontario",2016S0503580,"Light emitting diode (LED) lights, excluding LED holiday lights",Percent,239,units,0,v92073305,37.8,48.0,,,,0
1313,2017,"Greater Sudbury, Ontario",2016S0503580,Light emitting diode (LED) holiday lights,Percent,239,units,0,v92073306,37.4,33.0,E,,,0
1314,2017,"Greater Sudbury, Ontario",2016S0503580,At least one type of energy-saving light,Percent,239,units,0,v92073307,37.5,96.0,,,,0
1315,2017,"Greater Sudbury, Ontario",2016S0503580,"At least one type of energy-saving light, excluding light emitting diode (LED) holiday lights",Percent,239,units,0,v92073308,37.6,96.0,,,,0
1316,2017,"Greater Sudbury, Ontario",2016S0503580,No energy saving lights,Percent,239,units,0,v92073309,37.7,,F,,,0
1317,2017,"Thunder Bay, Ontario",2016S0503595,Compact fluorescent lights,Percent,239,units,0,v92073310,38.1,67.0,,,,0
1318,2017,"Thunder Bay, Ontario",2016S0503595,Fluorescent tubes,Percent,239,units,0,v92073311,38.2,37.0,E,,,0
1319,2017,"Thunder Bay, Ontario",2016S0503595,Halogen lights,Percent,239,units,0,v92073312,38.3,15.0,E,,,0
1320,2017,"Thunder Bay, Ontario",2016S0503595,"Light emitting diode (LED) lights, excluding LED holiday lights",Percent,239,units,0,v92073313,38.8,55.0,,,,0
1321,2017,"Thunder Bay, Ontario",2016S0503595,Light emitting diode (LED) holiday lights,Percent,239,units,0,v92073314,38.4,37.0,,,,0
1322,2017,"Thunder Bay, Ontario",2016S0503595,At least one type of energy-saving light,Percent,239,units,0,v92073315,38.5,93.0,,,,0
1323,2017,"Thunder Bay, Ontario",2016S0503595,"At least one type of energy-saving light, excluding light emitting diode (LED) holiday lights",Percent,239,units,0,v92073316,38.6,93.0,,,,0
1324,2017,"Thunder Bay, Ontario",2016S0503595,No energy saving lights,Percent,239,units,0,v92073317,38.7,,F,,,0
1325,2017,"Winnipeg, Manitoba",2016S0503602,Compact fluorescent lights,Percent,239,units,0,v92073318,39.1,54.0,,,,0
1326,2017,"Winnipeg, Manitoba",2016S0503602,Fluorescent tubes,Percent,239,units,0,v92073319,39.2,41.0,,,,0
1327,2017,"Winnipeg, Manitoba",2016S0503602,Halogen lights,Percent,239,units,0,v92073320,39.3,32.0,,,,0
1328,2017,"Winnipeg, Manitoba",2016S0503602,"Light emitting diode (LED) lights, excluding LED holiday lights",Percent,239,units,0,v92073321,39.8,50.0,,,,0
1329,2017,"Winnipeg, Manitoba",2016S0503602,Light emitting diode (LED) holiday lights,Percent,239,units,0,v92073322,39.4,39.0,,,,0
1330,2017,"Winnipeg, Manitoba",2016S0503602,At least one type of energy-saving light,Percent,239,units,0,v92073323,39.5,90.0,,,,0
1331,2017,"Winnipeg, Manitoba",2016S0503602,"At least one type of energy-saving light, excluding light emitting diode (LED) holiday lights",Percent,239,units,0,v92073324,39.6,89.0,,,,0
1332,2017,"Winnipeg, Manitoba",2016S0503602,No energy saving lights,Percent,239,units,0,v92073325,39.7,8.0,E,,,0
1333,2017,"Regina, Saskatchewan",2016S0503705,Compact fluorescent lights,Percent,239,units,0,v92073326,40.1,29.0,E,,,0
1334,2017,"Regina, Saskatchewan",2016S0503705,Fluorescent tubes,Percent,239,units,0,v92073327,40.2,33.0,E,,,0
1335,2017,"Regina, Saskatchewan",2016S0503705,Halogen lights,Percent,239,units,0,v92073328,40.3,,F,,,0
1336,2017,"Regina, Saskatchewan",2016S0503705,"Light emitting diode (LED) lights, excluding LED holiday lights",Percent,239,units,0,v92073329,40.8,63.0,,,,0
1337,2017,"Regina, Saskatchewan",2016S0503705,Light emitting diode (LED) holiday lights,Percent,239,units,0,v92073330,40.4,24.0,E,,,0
1338,2017,"Regina, Saskatchewan",2016S0503705,At least one type of energy-saving light,Percent,239,units,0,v92073331,40.5,86.0,,,,0
1339,2017,"Regina, Saskatchewan",2016S0503705,"At least one type of energy-saving light, excluding light emitting diode (LED) holiday lights",Percent,239,units,0,v92073332,40.6,85.0,,,,0
1340,2017,"Regina, Saskatchewan",2016S0503705,No energy saving lights,Percent,239,units,0,v92073333,40.7,,F,,,0
1341,2017,"Saskatoon, Saskatchewan",2016S0503725,Compact fluorescent lights,Percent,239,units,0,v92073334,41.1,47.0,,,,0
1342,2017,"Saskatoon, Saskatchewan",2016S0503725,Fluorescent tubes,Percent,239,units,0,v92073335,41.2,46.0,,,,0
1343,2017,"Saskatoon, Saskatchewan",2016S0503725,Halogen lights,Percent,239,units,0,v92073336,41.3,18.0,E,,,0
1344,2017,"Saskatoon, Saskatchewan",2016S0503725,"Light emitting diode (LED) lights, excluding LED holiday lights",Percent,239,units,0,v92073337,41.8,51.0,,,,0
1345,2017,"Saskatoon, Saskatchewan",2016S0503725,Light emitting diode (LED) holiday lights,Percent,239,units,0,v92073338,41.4,44.0,,,,0
1346,2017,"Saskatoon, Saskatchewan",2016S0503725,At least one type of energy-saving light,Percent,239,units,0,v92073339,41.5,91.0,,,,0
1347,2017,"Saskatoon, Saskatchewan",2016S0503725,"At least one type of energy-saving light, excluding light emitting diode (LED) holiday lights",Percent,239,units,0,v92073340,41.6,89.0,,,,0
1348,2017,"Saskatoon, Saskatchewan",2016S0503725,No energy saving lights,Percent,239,units,0,v92073341,41.7,,F,,,0
1349,2017,"Calgary, Alberta",2016S0503825,Compact fluorescent lights,Percent,239,units,0,v92073342,42.1,48.0,,,,0
1350,2017,"Calgary, Alberta",2016S0503825,Fluorescent tubes,Percent,239,units,0,v92073343,42.2,23.0,,,,0
1351,2017,"Calgary, Alberta",2016S0503825,Halogen lights,Percent,239,units,0,v92073344,42.3,23.0,,,,0
1352,2017,"Calgary, Alberta",2016S0503825,"Light emitting diode (LED) lights, excluding LED holiday lights",Percent,239,units,0,v92073345,42.8,55.0,,,,0
1353,2017,"Calgary, Alberta",2016S0503825,Light emitting diode (LED) holiday lights,Percent,239,units,0,v92073346,42.4,37.0,,,,0
1354,2017,"Calgary, Alberta",2016S0503825,At least one type of energy-saving light,Percent,239,units,0,v92073347,42.5,89.0,,,,0
1355,2017,"Calgary, Alberta",2016S0503825,"At least one type of energy-saving light, excluding light emitting diode (LED) holiday lights",Percent,239,units,0,v92073348,42.6,86.0,,,,0
1356,2017,"Calgary, Alberta",2016S0503825,No energy saving lights,Percent,239,units,0,v92073349,42.7,10.0,E,,,0
1357,2017,"Edmonton, Alberta",2016S0503835,Compact fluorescent lights,Percent,239,units,0,v92073350,43.1,58.0,,,,0
1358,2017,"Edmonton, Alberta",2016S0503835,Fluorescent tubes,Percent,239,units,0,v92073351,43.2,37.0,,,,0
1359,2017,"Edmonton, Alberta",2016S0503835,Halogen lights,Percent,239,units,0,v92073352,43.3,28.0,,,,0
1360,2017,"Edmonton, Alberta",2016S0503835,"Light emitting diode (LED) lights, excluding LED holiday lights",Percent,239,units,0,v92073353,43.8,55.0,,,,0
1361,2017,"Edmonton, Alberta",2016S0503835,Light emitting diode (LED) holiday lights,Percent,239,units,0,v92073354,43.4,48.0,,,,0
1362,2017,"Edmonton, Alberta",2016S0503835,At least one type of energy-saving light,Percent,239,units,0,v92073355,43.5,93.0,,,,0
1363,2017,"Edmonton, Alberta",2016S0503835,"At least one type of energy-saving light, excluding light emitting diode (LED) holiday lights",Percent,239,units,0,v92073356,43.6,91.0,,,,0
1364,2017,"Edmonton, Alberta",2016S0503835,No energy saving lights,Percent,239,units,0,v92073357,43.7,7.0,E,,,0
1365,2017,"Kelowna, British Columbia",2016S0503915,Compact fluorescent lights,Percent,239,units,0,v92073358,44.1,49.0,E,,,0
1366,2017,"Kelowna, British Columbia",2016S0503915,Fluorescent tubes,Percent,239,units,0,v92073359,44.2,32.0,E,,,0
1367,2017,"Kelowna, British Columbia",2016S0503915,Halogen lights,Percent,239,units,0,v92073360,44.3,29.0,E,,,0
1368,2017,"Kelowna, British Columbia",2016S0503915,"Light emitting diode (LED) lights, excluding LED holiday lights",Percent,239,units,0,v92073361,44.8,58.0,,,,0
1369,2017,"Kelowna, British Columbia",2016S0503915,Light emitting diode (LED) holiday lights,Percent,239,units,0,v92073362,44.4,58.0,,,,0
1370,2017,"Kelowna, British Columbia",2016S0503915,At least one type of energy-saving light,Percent,239,units,0,v92073363,44.5,93.0,,,,0
1371,2017,"Kelowna, British Columbia",2016S0503915,"At least one type of energy-saving light, excluding light emitting diode (LED) holiday lights",Percent,239,units,0,v92073364,44.6,80.0,,,,0
1372,2017,"Kelowna, British Columbia",2016S0503915,No energy saving lights,Percent,239,units,0,v92073365,44.7,,F,,,0
1373,2017,"Abbotsford-Mission, British Columbia",2016S0503932,Compact fluorescent lights,Percent,239,units,0,v92073366,45.1,49.0,,,,0
1374,2017,"Abbotsford-Mission, British Columbia",2016S0503932,Fluorescent tubes,Percent,239,units,0,v92073367,45.2,45.0,,,,0
1375,2017,"Abbotsford-Mission, British Columbia",2016S0503932,Halogen lights,Percent,239,units,0,v92073368,45.3,,F,,,0
1376,2017,"Abbotsford-Mission, British Columbia",2016S0503932,"Light emitting diode (LED) lights, excluding LED holiday lights",Percent,239,units,0,v92073369,45.8,43.0,,,,0
1377,2017,"Abbotsford-Mission, British Columbia",2016S0503932,Light emitting diode (LED) holiday lights,Percent,239,units,0,v92073370,45.4,34.0,E,,,0
1378,2017,"Abbotsford-Mission, British Columbia",2016S0503932,At least one type of energy-saving light,Percent,239,units,0,v92073371,45.5,81.0,,,,0
1379,2017,"Abbotsford-Mission, British Columbia",2016S0503932,"At least one type of energy-saving light, excluding light emitting diode (LED) holiday lights",Percent,239,units,0,v92073372,45.6,77.0,,,,0
1380,2017,"Abbotsford-Mission, British Columbia",2016S0503932,No energy saving lights,Percent,239,units,0,v92073373,45.7,,F,,,0
1381,2017,"Vancouver, British Columbia",2016S0503933,Compact fluorescent lights,Percent,239,units,0,v92073374,46.1,53.0,,,,0
1382,2017,"Vancouver, British Columbia",2016S0503933,Fluorescent tubes,Percent,239,units,0,v92073375,46.2,31.0,,,,0
1383,2017,"Vancouver, British Columbia",2016S0503933,Halogen lights,Percent,239,units,0,v92073376,46.3,28.0,,,,0
1384,2017,"Vancouver, British Columbia",2016S0503933,"Light emitting diode (LED) lights, excluding LED holiday lights",Percent,239,units,0,v92073377,46.8,53.0,,,,0
1385,2017,"Vancouver, British Columbia",2016S0503933,Light emitting diode (LED) holiday lights,Percent,239,units,0,v92073378,46.4,40.0,,,,0
1386,2017,"Vancouver, British Columbia",2016S0503933,At least one type of energy-saving light,Percent,239,units,0,v92073379,46.5,90.0,,,,0
1387,2017,"Vancouver, British Columbia",2016S0503933,"At least one type of energy-saving light, excluding light emitting diode (LED) holiday lights",Percent,239,units,0,v92073380,46.6,87.0,,,,0
1388,2017,"Vancouver, British Columbia",2016S0503933,No energy saving lights,Percent,239,units,0,v92073381,46.7,8.0,E,,,0
1389,2017,"Victoria, British Columbia",2016S0503935,Compact fluorescent lights,Percent,239,units,0,v92073382,47.1,58.0,,,,0
1390,2017,"Victoria, British Columbia",2016S0503935,Fluorescent tubes,Percent,239,units,0,v92073383,47.2,22.0,,,,0
1391,2017,"Victoria, British Columbia",2016S0503935,Halogen lights,Percent,239,units,0,v92073384,47.3,32.0,,,,0
1392,2017,"Victoria, British Columbia",2016S0503935,"Light emitting diode (LED) lights, excluding LED holiday lights",Percent,239,units,0,v92073385,47.8,39.0,,,,0
1393,2017,"Victoria, British Columbia",2016S0503935,Light emitting diode (LED) holiday lights,Percent,239,units,0,v92073386,47.4,38.0,,,,0
1394,2017,"Victoria, British Columbia",2016S0503935,At least one type of energy-saving light,Percent,239,units,0,v92073387,47.5,84.0,,,,0
1395,2017,"Victoria, British Columbia",2016S0503935,"At least one type of energy-saving light, excluding light emitting diode (LED) holiday lights",Percent,239,units,0,v92073388,47.6,82.0,,,,0
1396,2017,"Victoria, British Columbia",2016S0503935,No energy saving lights,Percent,239,units,0,v92073389,47.7,,F,,,0
1397,2017,Non-census metropolitan areas,,Compact fluorescent lights,Percent,239,units,0,v92073390,48.1,56.0,,,,0
1398,2017,Non-census metropolitan areas,,Fluorescent tubes,Percent,239,units,0,v92073391,48.2,34.0,,,,0
1399,2017,Non-census metropolitan areas,,Halogen lights,Percent,239,units,0,v92073392,48.3,25.0,,,,0
1400,2017,Non-census metropolitan areas,,"Light emitting diode (LED) lights, excluding LED holiday lights",Percent,239,units,0,v92073393,48.8,48.0,,,,0
1401,2017,Non-census metropolitan areas,,Light emitting diode (LED) holiday lights,Percent,239,units,0,v92073394,48.4,41.0,,,,0
1402,2017,Non-census metropolitan areas,,At least one type of energy-saving light,Percent,239,units,0,v92073395,48.5,90.0,,,,0
1403,2017,Non-census metropolitan areas,,"At least one type of energy-saving light, excluding light emitting diode (LED) holiday lights",Percent,239,units,0,v92073396,48.6,88.0,,,,0
1404,2017,Non-census metropolitan areas,,No energy saving lights,Percent,239,units,0,v92073397,48.7,10.0,,,,0
1405,2019,Canada,2021A000011124,Compact fluorescent lights,Percent,239,units,0,v44185211,1.1,46.0,,,,0
1406,2019,Canada,2021A000011124,Fluorescent tubes,Percent,239,units,0,v44185212,1.2,24.0,,,,0
1407,2019,Canada,2021A000011124,Halogen lights,Percent,239,units,0,v44185213,1.3,20.0,,,,0
1408,2019,Canada,2021A000011124,"Light emitting diode (LED) lights, excluding LED holiday lights",Percent,239,units,0,v53599722,1.8,53.0,,,,0
1409,2019,Canada,2021A000011124,Light emitting diode (LED) holiday lights,Percent,239,units,0,v44185214,1.4,36.0,,,,0
1410,2019,Canada,2021A000011124,At least one type of energy-saving light,Percent,239,units,0,v44185215,1.5,89.0,,,,0
1411,2019,Canada,2021A000011124,"At least one type of energy-saving light, excluding light emitting diode (LED) holiday lights",Percent,239,units,0,v44185216,1.6,86.0,,,,0
1412,2019,Canada,2021A000011124,No energy saving lights,Percent,239,units,0,v44185217,1.7,10.0,,,,0
1413,2019,Newfoundland and Labrador,2021A000210,Compact fluorescent lights,Percent,239,units,0,v44185218,2.1,41.0,,,,0
1414,2019,Newfoundland and Labrador,2021A000210,Fluorescent tubes,Percent,239,units,0,v44185219,2.2,15.0,,,,0
1415,2019,Newfoundland and Labrador,2021A000210,Halogen lights,Percent,239,units,0,v44185220,2.3,12.0,E,,,0
1416,2019,Newfoundland and Labrador,2021A000210,"Light emitting diode (LED) lights, excluding LED holiday lights",Percent,239,units,0,v53599723,2.8,51.0,,,,0
1417,2019,Newfoundland and Labrador,2021A000210,Light emitting diode (LED) holiday lights,Percent,239,units,0,v44185221,2.4,46.0,,,,0
1418,2019,Newfoundland and Labrador,2021A000210,At least one type of energy-saving light,Percent,239,units,0,v44185222,2.5,88.0,,,,0
1419,2019,Newfoundland and Labrador,2021A000210,"At least one type of energy-saving light, excluding light emitting diode (LED) holiday lights",Percent,239,units,0,v44185223,2.6,82.0,,,,0
1420,2019,Newfoundland and Labrador,2021A000210,No energy saving lights,Percent,239,units,0,v44185224,2.7,12.0,E,,,0
1421,2019,Prince Edward Island,2021A000211,Compact fluorescent lights,Percent,239,units,0,v44185225,3.1,44.0,,,,0
1422,2019,Prince Edward Island,2021A000211,Fluorescent tubes,Percent,239,units,0,v44185226,3.2,21.0,,,,0
1423,2019,Prince Edward Island,2021A000211,Halogen lights,Percent,239,units,0,v44185227,3.3,12.0,E,,,0
1424,2019,Prince Edward Island,2021A000211,"Light emitting diode (LED) lights, excluding LED holiday lights",Percent,239,units,0,v53599724,3.8,46.0,,,,0
1425,2019,Prince Edward Island,2021A000211,Light emitting diode (LED) holiday lights,Percent,239,units,0,v44185228,3.4,38.0,,,,0
1426,2019,Prince Edward Island,2021A000211,At least one type of energy-saving light,Percent,239,units,0,v44185229,3.5,88.0,,,,0
1427,2019,Prince Edward Island,2021A000211,"At least one type of energy-saving light, excluding light emitting diode (LED) holiday lights",Percent,239,units,0,v44185230,3.6,83.0,,,,0
1428,2019,Prince Edward Island,2021A000211,No energy saving lights,Percent,239,units,0,v44185231,3.7,10.0,E,,,0
1429,2019,Nova Scotia,2021A000212,Compact fluorescent lights,Percent,239,units,0,v44185232,4.1,50.0,,,,0
1430,2019,Nova Scotia,2021A000212,Fluorescent tubes,Percent,239,units,0,v44185233,4.2,21.0,,,,0
1431,2019,Nova Scotia,2021A000212,Halogen lights,Percent,239,units,0,v44185234,4.3,12.0,,,,0
1432,2019,Nova Scotia,2021A000212,"Light emitting diode (LED) lights, excluding LED holiday lights",Percent,239,units,0,v53599725,4.8,51.0,,,,0
1433,2019,Nova Scotia,2021A000212,Light emitting diode (LED) holiday lights,Percent,239,units,0,v44185235,4.4,45.0,,,,0
1434,2019,Nova Scotia,2021A000212,At least one type of energy-saving light,Percent,239,units,0,v44185236,4.5,89.0,,,,0
1435,2019,Nova Scotia,2021A000212,"At least one type of energy-saving light, excluding light emitting diode (LED) holiday lights",Percent,239,units,0,v44185237,4.6,86.0,,,,0
1436,2019,Nova Scotia,2021A000212,No energy saving lights,Percent,239,units,0,v44185238,4.7,10.0,,,,0
1437,2019,New Brunswick,2021A000213,Compact fluorescent lights,Percent,239,units,0,v44185239,5.1,39.0,,,,0
1438,2019,New Brunswick,2021A000213,Fluorescent tubes,Percent,239,units,0,v44185240,5.2,20.0,,,,0
1439,2019,New Brunswick,2021A000213,Halogen lights,Percent,239,units,0,v44185241,5.3,15.0,,,,0
1440,2019,New Brunswick,2021A000213,"Light emitting diode (LED) lights, excluding LED holiday lights",Percent,239,units,0,v53599726,5.8,53.0,,,,0
1441,2019,New Brunswick,2021A000213,Light emitting diode (LED) holiday lights,Percent,239,units,0,v44185242,5.4,35.0,,,,0
1442,2019,New Brunswick,2021A000213,At least one type of energy-saving light,Percent,239,units,0,v44185243,5.5,85.0,,,,0
1443,2019,New Brunswick,2021A000213,"At least one type of energy-saving light, excluding light emitting diode (LED) holiday lights",Percent,239,units,0,v44185244,5.6,81.0,,,,0
1444,2019,New Brunswick,2021A000213,No energy saving lights,Percent,239,units,0,v44185245,5.7,15.0,,,,0
1445,2019,Quebec,2021A000224,Compact fluorescent lights,Percent,239,units,0,v44185246,6.1,44.0,,,,0
1446,2019,Quebec,2021A000224,Fluorescent tubes,Percent,239,units,0,v44185247,6.2,20.0,,,,0
1447,2019,Quebec,2021A000224,Halogen lights,Percent,239,units,0,v44185248,6.3,26.0,,,,0
1448,2019,Quebec,2021A000224,"Light emitting diode (LED) lights, excluding LED holiday lights",Percent,239,units,0,v53599727,6.8,49.0,,,,0
1449,2019,Quebec,2021A000224,Light emitting diode (LED) holiday lights,Percent,239,units,0,v44185249,6.4,28.0,,,,0
1450,2019,Quebec,2021A000224,At least one type of energy-saving light,Percent,239,units,0,v44185250,6.5,86.0,,,,0
1451,2019,Quebec,2021A000224,"At least one type of energy-saving light, excluding light emitting diode (LED) holiday lights",Percent,239,units,0,v44185251,6.6,84.0,,,,0
1452,2019,Quebec,2021A000224,No energy saving lights,Percent,239,units,0,v44185252,6.7,13.0,,,,0
1453,2019,Ontario,2021A000235,Compact fluorescent lights,Percent,239,units,0,v44185253,7.1,48.0,,,,0
1454,2019,Ontario,2021A000235,Fluorescent tubes,Percent,239,units,0,v44185254,7.2,25.0,,,,0
1455,2019,Ontario,2021A000235,Halogen lights,Percent,239,units,0,v44185255,7.3,19.0,,,,0
1456,2019,Ontario,2021A000235,"Light emitting diode (LED) lights, excluding LED holiday lights",Percent,239,units,0,v53599728,7.8,53.0,,,,0
1457,2019,Ontario,2021A000235,Light emitting diode (LED) holiday lights,Percent,239,units,0,v44185256,7.4,38.0,,,,0
1458,2019,Ontario,2021A000235,At least one type of energy-saving light,Percent,239,units,0,v44185257,7.5,90.0,,,,0
1459,2019,Ontario,2021A000235,"At least one type of energy-saving light, excluding light emitting diode (LED) holiday lights",Percent,239,units,0,v44185258,7.6,86.0,,,,0
1460,2019,Ontario,2021A000235,No energy saving lights,Percent,239,units,0,v44185259,7.7,10.0,,,,0
1461,2019,Manitoba,2021A000246,Compact fluorescent lights,Percent,239,units,0,v44185260,8.1,42.0,,,,0
1462,2019,Manitoba,2021A000246,Fluorescent tubes,Percent,239,units,0,v44185261,8.2,31.0,,,,0
1463,2019,Manitoba,2021A000246,Halogen lights,Percent,239,units,0,v44185262,8.3,16.0,,,,0
1464,2019,Manitoba,2021A000246,"Light emitting diode (LED) lights, excluding LED holiday lights",Percent,239,units,0,v53599729,8.8,56.0,,,,0
1465,2019,Manitoba,2021A000246,Light emitting diode (LED) holiday lights,Percent,239,units,0,v44185263,8.4,33.0,,,,0
1466,2019,Manitoba,2021A000246,At least one type of energy-saving light,Percent,239,units,0,v44185264,8.5,89.0,,,,0
1467,2019,Manitoba,2021A000246,"At least one type of energy-saving light, excluding light emitting diode (LED) holiday lights",Percent,239,units,0,v44185265,8.6,86.0,,,,0
1468,2019,Manitoba,2021A000246,No energy saving lights,Percent,239,units,0,v44185266,8.7,10.0,E,,,0
1469,2019,Saskatchewan,2021A000247,Compact fluorescent lights,Percent,239,units,0,v44185267,9.1,43.0,,,,0
1470,2019,Saskatchewan,2021A000247,Fluorescent tubes,Percent,239,units,0,v44185268,9.2,28.0,,,,0
1471,2019,Saskatchewan,2021A000247,Halogen lights,Percent,239,units,0,v44185269,9.3,17.0,,,,0
1472,2019,Saskatchewan,2021A000247,"Light emitting diode (LED) lights, excluding LED holiday lights",Percent,239,units,0,v53599730,9.8,56.0,,,,0
1473,2019,Saskatchewan,2021A000247,Light emitting diode (LED) holiday lights,Percent,239,units,0,v44185270,9.4,37.0,,,,0
1474,2019,Saskatchewan,2021A000247,At least one type of energy-saving light,Percent,239,units,0,v44185271,9.5,89.0,,,,0
1475,2019,Saskatchewan,2021A000247,"At least one type of energy-saving light, excluding light emitting diode (LED) holiday lights",Percent,239,units,0,v44185272,9.6,86.0,,,,0
1476,2019,Saskatchewan,2021A000247,No energy saving lights,Percent,239,units,0,v44185273,9.7,10.0,E,,,0
1477,2019,Alberta,2021A000248,Compact fluorescent lights,Percent,239,units,0,v44185274,10.1,47.0,,,,0
1478,2019,Alberta,2021A000248,Fluorescent tubes,Percent,239,units,0,v44185275,10.2,23.0,,,,0
1479,2019,Alberta,2021A000248,Halogen lights,Percent,239,units,0,v44185276,10.3,19.0,,,,0
1480,2019,Alberta,2021A000248,"Light emitting diode (LED) lights, excluding LED holiday lights",Percent,239,units,0,v53599731,10.8,57.0,,,,0
1481,2019,Alberta,2021A000248,Light emitting diode (LED) holiday lights,Percent,239,units,0,v44185277,10.4,36.0,,,,0
1482,2019,Alberta,2021A000248,At least one type of energy-saving light,Percent,239,units,0,v44185278,10.5,91.0,,,,0
1483,2019,Alberta,2021A000248,"At least one type of energy-saving light, excluding light emitting diode (LED) holiday lights",Percent,239,units,0,v44185279,10.6,88.0,,,,0
1484,2019,Alberta,2021A000248,No energy saving lights,Percent,239,units,0,v44185280,10.7,8.0,,,,0
1485,2019,British Columbia,2021A000259,Compact fluorescent lights,Percent,239,units,0,v44185281,11.1,49.0,,,,0
1486,2019,British Columbia,2021A000259,Fluorescent tubes,Percent,239,units,0,v44185282,11.2,26.0,,,,0
1487,2019,British Columbia,2021A000259,Halogen lights,Percent,239,units,0,v44185283,11.3,22.0,,,,0
1488,2019,British Columbia,2021A000259,"Light emitting diode (LED) lights, excluding LED holiday lights",Percent,239,units,0,v53599732,11.8,54.0,,,,0
1489,2019,British Columbia,2021A000259,Light emitting diode (LED) holiday lights,Percent,239,units,0,v44185284,11.4,39.0,,,,0
1490,2019,British Columbia,2021A000259,At least one type of energy-saving light,Percent,239,units,0,v44185285,11.5,92.0,,,,0
1491,2019,British Columbia,2021A000259,"At least one type of energy-saving light, excluding light emitting diode (LED) holiday lights",Percent,239,units,0,v44185286,11.6,89.0,,,,0
1492,2019,British Columbia,2021A000259,No energy saving lights,Percent,239,units,0,v44185287,11.7,8.0,,,,0
1493,2019,Total census metropolitan areas,,Compact fluorescent lights,Percent,239,units,0,v92073102,12.1,46.0,,,,0
1494,2019,Total census metropolitan areas,,Fluorescent tubes,Percent,239,units,0,v92073103,12.2,23.0,,,,0
1495,2019,Total census metropolitan areas,,Halogen lights,Percent,239,units,0,v92073104,12.3,21.0,,,,0
1496,2019,Total census metropolitan areas,,"Light emitting diode (LED) lights, excluding LED holiday lights",Percent,239,units,0,v92073105,12.8,53.0,,,,0
1497,2019,Total census metropolitan areas,,Light emitting diode (LED) holiday lights,Percent,239,units,0,v92073106,12.4,35.0,,,,0
1498,2019,Total census metropolitan areas,,At least one type of energy-saving light,Percent,239,units,0,v92073107,12.5,90.0,,,,0
1499,2019,Total census metropolitan areas,,"At least one type of energy-saving light, excluding light emitting diode (LED) holiday lights",Percent,239,units,0,v92073108,12.6,86.0,,,,0
1500,2019,Total census metropolitan areas,,No energy saving lights,Percent,239,units,0,v92073109,12.7,10.0,,,,0
1501,2019,"St. John's, Newfoundland and Labrador",2016S05031,Compact fluorescent lights,Percent,239,units,0,v92073110,13.1,44.0,,,,0
1502,2019,"St. John's, Newfoundland and Labrador",2016S05031,Fluorescent tubes,Percent,239,units,0,v92073111,13.2,16.0,E,,,0
1503,2019,"St. John's, Newfoundland and Labrador",2016S05031,Halogen lights,Percent,239,units,0,v92073112,13.3,,F,,,0
1504,2019,"St. John's, Newfoundland and Labrador",2016S05031,"Light emitting diode (LED) lights, excluding LED holiday lights",Percent,239,units,0,v92073113,13.8,54.0,,,,0
1505,2019,"St. John's, Newfoundland and Labrador",2016S05031,Light emitting diode (LED) holiday lights,Percent,239,units,0,v92073114,13.4,51.0,,,,0
1506,2019,"St. John's, Newfoundland and Labrador",2016S05031,At least one type of energy-saving light,Percent,239,units,0,v92073115,13.5,92.0,,,,0
1507,2019,"St. John's, Newfoundland and Labrador",2016S05031,"At least one type of energy-saving light, excluding light emitting diode (LED) holiday lights",Percent,239,units,0,v92073116,13.6,87.0,,,,0
1508,2019,"St. John's, Newfoundland and Labrador",2016S05031,No energy saving lights,Percent,239,units,0,v92073117,13.7,,F,,,0
1509,2019,"Halifax, Nova Scotia",2016S0503205,Compact fluorescent lights,Percent,239,units,0,v92073118,14.1,51.0,,,,0
1510,2019,"Halifax, Nova Scotia",2016S0503205,Fluorescent tubes,Percent,239,units,0,v92073119,14.2,18.0,,,,0
1511,2019,"Halifax, Nova Scotia",2016S0503205,Halogen lights,Percent,239,units,0,v92073120,14.3,10.0,E,,,0
1512,2019,"Halifax, Nova Scotia",2016S0503205,"Light emitting diode (LED) lights, excluding LED holiday lights",Percent,239,units,0,v92073121,14.8,51.0,,,,0
1513,2019,"Halifax, Nova Scotia",2016S0503205,Light emitting diode (LED) holiday lights,Percent,239,units,0,v92073122,14.4,47.0,,,,0
1514,2019,"Halifax, Nova Scotia",2016S0503205,At least one type of energy-saving light,Percent,239,units,0,v92073123,14.5,89.0,,,,0
1515,2019,"Halifax, Nova Scotia",2016S0503205,"At least one type of energy-saving light, excluding light emitting diode (LED) holiday lights",Percent,239,units,0,v92073124,14.6,87.0,,,,0
1516,2019,"Halifax, Nova Scotia",2016S0503205,No energy saving lights,Percent,239,units,0,v92073125,14.7,11.0,E,,,0
1517,2019,"Moncton, New Brunswick",2016S0503305,Compact fluorescent lights,Percent,239,units,0,v92073126,15.1,41.0,,,,0
1518,2019,"Moncton, New Brunswick",2016S0503305,Fluorescent tubes,Percent,239,units,0,v92073127,15.2,14.0,,,,0
1519,2019,"Moncton, New Brunswick",2016S0503305,Halogen lights,Percent,239,units,0,v92073128,15.3,21.0,E,,,0
1520,2019,"Moncton, New Brunswick",2016S0503305,"Light emitting diode (LED) lights, excluding LED holiday lights",Percent,239,units,0,v92073129,15.8,62.0,,,,0
1521,2019,"Moncton, New Brunswick",2016S0503305,Light emitting diode (LED) holiday lights,Percent,239,units,0,v92073130,15.4,37.0,,,,0
1522,2019,"Moncton, New Brunswick",2016S0503305,At least one type of energy-saving light,Percent,239,units,0,v92073131,15.5,89.0,,,,0
1523,2019,"Moncton, New Brunswick",2016S0503305,"At least one type of energy-saving light, excluding light emitting diode (LED) holiday lights",Percent,239,units,0,v92073132,15.6,86.0,,,,0
1524,2019,"Moncton, New Brunswick",2016S0503305,No energy saving lights,Percent,239,units,0,v92073133,15.7,,F,,,0
1525,2019,"Saint John, New Brunswick",2016S0503310,Compact fluorescent lights,Percent,239,units,0,v92073134,16.1,42.0,,,,0
1526,2019,"Saint John, New Brunswick",2016S0503310,Fluorescent tubes,Percent,239,units,0,v92073135,16.2,,F,,,0
1527,2019,"Saint John, New Brunswick",2016S0503310,Halogen lights,Percent,239,units,0,v92073136,16.3,,F,,,0
1528,2019,"Saint John, New Brunswick",2016S0503310,"Light emitting diode (LED) lights, excluding LED holiday lights",Percent,239,units,0,v92073137,16.8,60.0,,,,0
1529,2019,"Saint John, New Brunswick",2016S0503310,Light emitting diode (LED) holiday lights,Percent,239,units,0,v92073138,16.4,41.0,,,,0
1530,2019,"Saint John, New Brunswick",2016S0503310,At least one type of energy-saving light,Percent,239,units,0,v92073139,16.5,89.0,,,,0
1531,2019,"Saint John, New Brunswick",2016S0503310,"At least one type of energy-saving light, excluding light emitting diode (LED) holiday lights",Percent,239,units,0,v92073140,16.6,82.0,,,,0
1532,2019,"Saint John, New Brunswick",2016S0503310,No energy saving lights,Percent,239,units,0,v92073141,16.7,,F,,,0
1533,2019,"Saguenay, Quebec",2016S0503408,Compact fluorescent lights,Percent,239,units,0,v92073142,17.1,38.0,,,,0
1534,2019,"Saguenay, Quebec",2016S0503408,Fluorescent tubes,Percent,239,units,0,v92073143,17.2,25.0,E,,,0
1535,2019,"Saguenay, Quebec",2016S0503408,Halogen lights,Percent,239,units,0,v92073144,17.3,26.0,,,,0
1536,2019,"Saguenay, Quebec",2016S0503408,"Light emitting diode (LED) lights, excluding LED holiday lights",Percent,239,units,0,v92073145,17.8,48.0,,,,0
1537,2019,"Saguenay, Quebec",2016S0503408,Light emitting diode (LED) holiday lights,Percent,239,units,0,v92073146,17.4,34.0,,,,0
1538,2019,"Saguenay, Quebec",2016S0503408,At least one type of energy-saving light,Percent,239,units,0,v92073147,17.5,86.0,,,,0
1539,2019,"Saguenay, Quebec",2016S0503408,"At least one type of energy-saving light, excluding light emitting diode (LED) holiday lights",Percent,239,units,0,v92073148,17.6,84.0,,,,0
1540,2019,"Saguenay, Quebec",2016S0503408,No energy saving lights,Percent,239,units,0,v92073149,17.7,,F,,,0
1541,2019,"Québec, Quebec",2016S0503421,Compact fluorescent lights,Percent,239,units,0,v92073150,18.1,45.0,,,,0
1542,2019,"Québec, Quebec",2016S0503421,Fluorescent tubes,Percent,239,units,0,v92073151,18.2,29.0,,,,0
1543,2019,"Québec, Quebec",2016S0503421,Halogen lights,Percent,239,units,0,v92073152,18.3,26.0,,,,0
1544,2019,"Québec, Quebec",2016S0503421,"Light emitting diode (LED) lights, excluding LED holiday lights",Percent,239,units,0,v92073153,18.8,53.0,,,,0
1545,2019,"Québec, Quebec",2016S0503421,Light emitting diode (LED) holiday lights,Percent,239,units,0,v92073154,18.4,30.0,,,,0
1546,2019,"Québec, Quebec",2016S0503421,At least one type of energy-saving light,Percent,239,units,0,v92073155,18.5,89.0,,,,0
1547,2019,"Québec, Quebec",2016S0503421,"At least one type of energy-saving light, excluding light emitting diode (LED) holiday lights",Percent,239,units,0,v92073156,18.6,88.0,,,,0
1548,2019,"Québec, Quebec",2016S0503421,No energy saving lights,Percent,239,units,0,v92073157,18.7,10.0,E,,,0
1549,2019,"Sherbrooke, Quebec",2016S0503433,Compact fluorescent lights,Percent,239,units,0,v92073158,19.1,37.0,,,,0
1550,2019,"Sherbrooke, Quebec",2016S0503433,Fluorescent tubes,Percent,239,units,0,v92073159,19.2,13.0,E,,,0
1551,2019,"Sherbrooke, Quebec",2016S0503433,Halogen lights,Percent,239,units,0,v92073160,19.3,24.0,,,,0
1552,2019,"Sherbrooke, Quebec",2016S0503433,"Light emitting diode (LED) lights, excluding LED holiday lights",Percent,239,units,0,v92073161,19.8,47.0,,,,0
1553,2019,"Sherbrooke, Quebec",2016S0503433,Light emitting diode (LED) holiday lights,Percent,239,units,0,v92073162,19.4,27.0,E,,,0
1554,2019,"Sherbrooke, Quebec",2016S0503433,At least one type of energy-saving light,Percent,239,units,0,v92073163,19.5,82.0,,,,0
1555,2019,"Sherbrooke, Quebec",2016S0503433,"At least one type of energy-saving light, excluding light emitting diode (LED) holiday lights",Percent,239,units,0,v92073164,19.6,76.0,,,,0
1556,2019,"Sherbrooke, Quebec",2016S0503433,No energy saving lights,Percent,239,units,0,v92073165,19.7,18.0,E,,,0
1557,2019,"Trois-Rivières, Quebec",2016S0503442,Compact fluorescent lights,Percent,239,units,0,v92073166,20.1,49.0,,,,0
1558,2019,"Trois-Rivières, Quebec",2016S0503442,Fluorescent tubes,Percent,239,units,0,v92073167,20.2,26.0,E,,,0
1559,2019,"Trois-Rivières, Quebec",2016S0503442,Halogen lights,Percent,239,units,0,v92073168,20.3,37.0,,,,0
1560,2019,"Trois-Rivières, Quebec",2016S0503442,"Light emitting diode (LED) lights, excluding LED holiday lights",Percent,239,units,0,v92073169,20.8,43.0,,,,0
1561,2019,"Trois-Rivières, Quebec",2016S0503442,Light emitting diode (LED) holiday lights,Percent,239,units,0,v92073170,20.4,33.0,,,,0
1562,2019,"Trois-Rivières, Quebec",2016S0503442,At least one type of energy-saving light,Percent,239,units,0,v92073171,20.5,88.0,,,,0
1563,2019,"Trois-Rivières, Quebec",2016S0503442,"At least one type of energy-saving light, excluding light emitting diode (LED) holiday lights",Percent,239,units,0,v92073172,20.6,86.0,,,,0
1564,2019,"Trois-Rivières, Quebec",2016S0503442,No energy saving lights,Percent,239,units,0,v92073173,20.7,,F,,,0
1565,2019,"Montréal, Quebec",2016S0503462,Compact fluorescent lights,Percent,239,units,0,v92073174,21.1,44.0,,,,0
1566,2019,"Montréal, Quebec",2016S0503462,Fluorescent tubes,Percent,239,units,0,v92073175,21.2,18.0,,,,0
1567,2019,"Montréal, Quebec",2016S0503462,Halogen lights,Percent,239,units,0,v92073176,21.3,28.0,,,,0
1568,2019,"Montréal, Quebec",2016S0503462,"Light emitting diode (LED) lights, excluding LED holiday lights",Percent,239,units,0,v92073177,21.8,47.0,,,,0
1569,2019,"Montréal, Quebec",2016S0503462,Light emitting diode (LED) holiday lights,Percent,239,units,0,v92073178,21.4,27.0,,,,0
1570,2019,"Montréal, Quebec",2016S0503462,At least one type of energy-saving light,Percent,239,units,0,v92073179,21.5,85.0,,,,0
1571,2019,"Montréal, Quebec",2016S0503462,"At least one type of energy-saving light, excluding light emitting diode (LED) holiday lights",Percent,239,units,0,v92073180,21.6,83.0,,,,0
1572,2019,"Montréal, Quebec",2016S0503462,No energy saving lights,Percent,239,units,0,v92073181,21.7,14.0,,,,0
1573,2019,"Ottawa-Gatineau, Ontario/Quebec",2016S0503505,Compact fluorescent lights,Percent,239,units,0,v92073182,22.1,50.0,,,,0
1574,2019,"Ottawa-Gatineau, Ontario/Quebec",2016S0503505,Fluorescent tubes,Percent,239,units,0,v92073183,22.2,26.0,,,,0
1575,2019,"Ottawa-Gatineau, Ontario/Quebec",2016S0503505,Halogen lights,Percent,239,units,0,v92073184,22.3,26.0,,,,0
1576,2019,"Ottawa-Gatineau, Ontario/Quebec",2016S0503505,"Light emitting diode (LED) lights, excluding LED holiday lights",Percent,239,units,0,v92073185,22.8,49.0,,,,0
1577,2019,"Ottawa-Gatineau, Ontario/Quebec",2016S0503505,Light emitting diode (LED) holiday lights,Percent,239,units,0,v92073186,22.4,39.0,,,,0
1578,2019,"Ottawa-Gatineau, Ontario/Quebec",2016S0503505,At least one type of energy-saving light,Percent,239,units,0,v92073187,22.5,88.0,,,,0
1579,2019,"Ottawa-Gatineau, Ontario/Quebec",2016S0503505,"At least one type of energy-saving light, excluding light emitting diode (LED) holiday lights",Percent,239,units,0,v92073188,22.6,84.0,,,,0
1580,2019,"Ottawa-Gatineau, Ontario/Quebec",2016S0503505,No energy saving lights,Percent,239,units,0,v92073189,22.7,11.0,E,,,0
1581,2019,Ottawa-Gatineau (Quebec part),2016S050524505,Compact fluorescent lights,Percent,239,units,0,v92073190,23.1,44.0,,,,0
1582,2019,Ottawa-Gatineau (Quebec part),2016S050524505,Fluorescent tubes,Percent,239,units,0,v92073191,23.2,15.0,E,,,0
1583,2019,Ottawa-Gatineau (Quebec part),2016S050524505,Halogen lights,Percent,239,units,0,v92073192,23.3,19.0,,,,0
1584,2019,Ottawa-Gatineau (Quebec part),2016S050524505,"Light emitting diode (LED) lights, excluding LED holiday lights",Percent,239,units,0,v92073193,23.8,49.0,,,,0
1585,2019,Ottawa-Gatineau (Quebec part),2016S050524505,Light emitting diode (LED) holiday lights,Percent,239,units,0,v92073194,23.4,30.0,,,,0
1586,2019,Ottawa-Gatineau (Quebec part),2016S050524505,At least one type of energy-saving light,Percent,239,units,0,v92073195,23.5,86.0,,,,0
1587,2019,Ottawa-Gatineau (Quebec part),2016S050524505,"At least one type of energy-saving light, excluding light emitting diode (LED) holiday lights",Percent,239,units,0,v92073196,23.6,81.0,,,,0
1588,2019,Ottawa-Gatineau (Quebec part),2016S050524505,No energy saving lights,Percent,239,units,0,v92073197,23.7,14.0,E,,,0
1589,2019,Ottawa-Gatineau (Ontario part),2016S050535505,Compact fluorescent lights,Percent,239,units,0,v92073198,24.1,52.0,,,,0
1590,2019,Ottawa-Gatineau (Ontario part),2016S050535505,Fluorescent tubes,Percent,239,units,0,v92073199,24.2,30.0,,,,0
1591,2019,Ottawa-Gatineau (Ontario part),2016S050535505,Halogen lights,Percent,239,units,0,v92073200,24.3,28.0,,,,0
1592,2019,Ottawa-Gatineau (Ontario part),2016S050535505,"Light emitting diode (LED) lights, excluding LED holiday lights",Percent,239,units,0,v92073201,24.8,49.0,,,,0
1593,2019,Ottawa-Gatineau (Ontario part),2016S050535505,Light emitting diode (LED) holiday lights,Percent,239,units,0,v92073202,24.4,42.0,,,,0
1594,2019,Ottawa-Gatineau (Ontario part),2016S050535505,At least one type of energy-saving light,Percent,239,units,0,v92073203,24.5,89.0,,,,0
1595,2019,Ottawa-Gatineau (Ontario part),2016S050535505,"At least one type of energy-saving light, excluding light emitting diode (LED) holiday lights",Percent,239,units,0,v92073204,24.6,85.0,,,,0
1596,2019,Ottawa-Gatineau (Ontario part),2016S050535505,No energy saving lights,Percent,239,units,0,v92073205,24.7,,F,,,0
1597,2019,"Kingston, Ontario",2016S0503521,Compact fluorescent lights,Percent,239,units,0,v92073206,25.1,60.0,,,,0
1598,2019,"Kingston, Ontario",2016S0503521,Fluorescent tubes,Percent,239,units,0,v92073207,25.2,32.0,E,,,0
1599,2019,"Kingston, Ontario",2016S0503521,Halogen lights,Percent,239,units,0,v92073208,25.3,20.0,E,,,0
1600,2019,"Kingston, Ontario",2016S0503521,"Light emitting diode (LED) lights, excluding LED holiday lights",Percent,239,units,0,v92073209,25.8,55.0,,,,0
1601,2019,"Kingston, Ontario",2016S0503521,Light emitting diode (LED) holiday lights,Percent,239,units,0,v92073210,25.4,43.0,,,,0
1602,2019,"Kingston, Ontario",2016S0503521,At least one type of energy-saving light,Percent,239,units,0,v92073211,25.5,91.0,,,,0
1603,2019,"Kingston, Ontario",2016S0503521,"At least one type of energy-saving light, excluding light emitting diode (LED) holiday lights",Percent,239,units,0,v92073212,25.6,91.0,,,,0
1604,2019,"Kingston, Ontario",2016S0503521,No energy saving lights,Percent,239,units,0,v92073213,25.7,,F,,,0
1605,2019,"Belleville, Ontario",2016S0503522,Compact fluorescent lights,Percent,239,units,0,v1242113099,49.1,55.0,,,,0
1606,2019,"Belleville, Ontario",2016S0503522,Fluorescent tubes,Percent,239,units,0,v1242113100,49.2,46.0,E,,,0
1607,2019,"Belleville, Ontario",2016S0503522,Halogen lights,Percent,239,units,0,v1242113101,49.3,,F,,,0
1608,2019,"Belleville, Ontario",2016S0503522,"Light emitting diode (LED) lights, excluding LED holiday lights",Percent,239,units,0,v1242113106,49.8,57.0,,,,0
1609,2019,"Belleville, Ontario",2016S0503522,Light emitting diode (LED) holiday lights,Percent,239,units,0,v1242113102,49.4,43.0,,,,0
1610,2019,"Belleville, Ontario",2016S0503522,At least one type of energy-saving light,Percent,239,units,0,v1242113103,49.5,89.0,,,,0
1611,2019,"Belleville, Ontario",2016S0503522,"At least one type of energy-saving light, excluding light emitting diode (LED) holiday lights",Percent,239,units,0,v1242113104,49.6,89.0,,,,0
1612,2019,"Belleville, Ontario",2016S0503522,No energy saving lights,Percent,239,units,0,v1242113105,49.7,,F,,,0
1613,2019,"Peterborough, Ontario",2016S0503529,Compact fluorescent lights,Percent,239,units,0,v92073214,26.1,51.0,,,,0
1614,2019,"Peterborough, Ontario",2016S0503529,Fluorescent tubes,Percent,239,units,0,v92073215,26.2,26.0,E,,,0
1615,2019,"Peterborough, Ontario",2016S0503529,Halogen lights,Percent,239,units,0,v92073216,26.3,26.0,E,,,0
1616,2019,"Peterborough, Ontario",2016S0503529,"Light emitting diode (LED) lights, excluding LED holiday lights",Percent,239,units,0,v92073217,26.8,49.0,,,,0
1617,2019,"Peterborough, Ontario",2016S0503529,Light emitting diode (LED) holiday lights,Percent,239,units,0,v92073218,26.4,47.0,,,,0
1618,2019,"Peterborough, Ontario",2016S0503529,At least one type of energy-saving light,Percent,239,units,0,v92073219,26.5,95.0,,,,0
1619,2019,"Peterborough, Ontario",2016S0503529,"At least one type of energy-saving light, excluding light emitting diode (LED) holiday lights",Percent,239,units,0,v92073220,26.6,90.0,,,,0
1620,2019,"Peterborough, Ontario",2016S0503529,No energy saving lights,Percent,239,units,0,v92073221,26.7,,F,,,0
1621,2019,"Oshawa, Ontario",2016S0503532,Compact fluorescent lights,Percent,239,units,0,v92073222,27.1,39.0,,,,0
1622,2019,"Oshawa, Ontario",2016S0503532,Fluorescent tubes,Percent,239,units,0,v92073223,27.2,24.0,E,,,0
1623,2019,"Oshawa, Ontario",2016S0503532,Halogen lights,Percent,239,units,0,v92073224,27.3,21.0,E,,,0
1624,2019,"Oshawa, Ontario",2016S0503532,"Light emitting diode (LED) lights, excluding LED holiday lights",Percent,239,units,0,v92073225,27.8,64.0,,,,0
1625,2019,"Oshawa, Ontario",2016S0503532,Light emitting diode (LED) holiday lights,Percent,239,units,0,v92073226,27.4,49.0,,,,0
1626,2019,"Oshawa, Ontario",2016S0503532,At least one type of energy-saving light,Percent,239,units,0,v92073227,27.5,93.0,,,,0
1627,2019,"Oshawa, Ontario",2016S0503532,"At least one type of energy-saving light, excluding light emitting diode (LED) holiday lights",Percent,239,units,0,v92073228,27.6,87.0,,,,0
1628,2019,"Oshawa, Ontario",2016S0503532,No energy saving lights,Percent,239,units,0,v92073229,27.7,,F,,,0
1629,2019,"Toronto, Ontario",2016S0503535,Compact fluorescent lights,Percent,239,units,0,v92073230,28.1,46.0,,,,0
1630,2019,"Toronto, Ontario",2016S0503535,Fluorescent tubes,Percent,239,units,0,v92073231,28.2,22.0,,,,0
1631,2019,"Toronto, Ontario",2016S0503535,Halogen lights,Percent,239,units,0,v92073232,28.3,18.0,,,,0
1632,2019,"Toronto, Ontario",2016S0503535,"Light emitting diode (LED) lights, excluding LED holiday lights",Percent,239,units,0,v92073233,28.8,53.0,,,,0
1633,2019,"Toronto, Ontario",2016S0503535,Light emitting diode (LED) holiday lights,Percent,239,units,0,v92073234,28.4,35.0,,,,0
1634,2019,"Toronto, Ontario",2016S0503535,At least one type of energy-saving light,Percent,239,units,0,v92073235,28.5,90.0,,,,0
1635,2019,"Toronto, Ontario",2016S0503535,"At least one type of energy-saving light, excluding light emitting diode (LED) holiday lights",Percent,239,units,0,v92073236,28.6,85.0,,,,0
1636,2019,"Toronto, Ontario",2016S0503535,No energy saving lights,Percent,239,units,0,v92073237,28.7,10.0,E,,,0
1637,2019,"Hamilton, Ontario",2016S0503537,Compact fluorescent lights,Percent,239,units,0,v92073238,29.1,51.0,,,,0
1638,2019,"Hamilton, Ontario",2016S0503537,Fluorescent tubes,Percent,239,units,0,v92073239,29.2,31.0,,,,0
1639,2019,"Hamilton, Ontario",2016S0503537,Halogen lights,Percent,239,units,0,v92073240,29.3,22.0,,,,0
1640,2019,"Hamilton, Ontario",2016S0503537,"Light emitting diode (LED) lights, excluding LED holiday lights",Percent,239,units,0,v92073241,29.8,53.0,,,,0
1641,2019,"Hamilton, Ontario",2016S0503537,Light emitting diode (LED) holiday lights,Percent,239,units,0,v92073242,29.4,39.0,,,,0
1642,2019,"Hamilton, Ontario",2016S0503537,At least one type of energy-saving light,Percent,239,units,0,v92073243,29.5,91.0,,,,0
1643,2019,"Hamilton, Ontario",2016S0503537,"At least one type of energy-saving light, excluding light emitting diode (LED) holiday lights",Percent,239,units,0,v92073244,29.6,87.0,,,,0
1644,2019,"Hamilton, Ontario",2016S0503537,No energy saving lights,Percent,239,units,0,v92073245,29.7,,F,,,0
1645,2019,"St. Catharines-Niagara, Ontario",2016S0503539,Compact fluorescent lights,Percent,239,units,0,v92073246,30.1,52.0,,,,0
1646,2019,"St. Catharines-Niagara, Ontario",2016S0503539,Fluorescent tubes,Percent,239,units,0,v92073247,30.2,31.0,E,,,0
1647,2019,"St. Catharines-Niagara, Ontario",2016S0503539,Halogen lights,Percent,239,units,0,v92073248,30.3,15.0,E,,,0
1648,2019,"St. Catharines-Niagara, Ontario",2016S0503539,"Light emitting diode (LED) lights, excluding LED holiday lights",Percent,239,units,0,v92073249,30.8,57.0,,,,0
1649,2019,"St. Catharines-Niagara, Ontario",2016S0503539,Light emitting diode (LED) holiday lights,Percent,239,units,0,v92073250,30.4,39.0,,,,0
1650,2019,"St. Catharines-Niagara, Ontario",2016S0503539,At least one type of energy-saving light,Percent,239,units,0,v92073251,30.5,93.0,,,,0
1651,2019,"St. Catharines-Niagara, Ontario",2016S0503539,"At least one type of energy-saving light, excluding light emitting diode (LED) holiday lights",Percent,239,units,0,v92073252,30.6,90.0,,,,0
1652,2019,"St. Catharines-Niagara, Ontario",2016S0503539,No energy saving lights,Percent,239,units,0,v92073253,30.7,,F,,,0
1653,2019,"Kitchener-Cambridge-Waterloo, Ontario",2016S0503541,Compact fluorescent lights,Percent,239,units,0,v92073254,31.1,42.0,,,,0
1654,2019,"Kitchener-Cambridge-Waterloo, Ontario",2016S0503541,Fluorescent tubes,Percent,239,units,0,v92073255,31.2,20.0,E,,,0
1655,2019,"Kitchener-Cambridge-Waterloo, Ontario",2016S0503541,Halogen lights,Percent,239,units,0,v92073256,31.3,19.0,E,,,0
1656,2019,"Kitchener-Cambridge-Waterloo, Ontario",2016S0503541,"Light emitting diode (LED) lights, excluding LED holiday lights",Percent,239,units,0,v92073257,31.8,55.0,,,,0
1657,2019,"Kitchener-Cambridge-Waterloo, Ontario",2016S0503541,Light emitting diode (LED) holiday lights,Percent,239,units,0,v92073258,31.4,40.0,,,,0
1658,2019,"Kitchener-Cambridge-Waterloo, Ontario",2016S0503541,At least one type of energy-saving light,Percent,239,units,0,v92073259,31.5,87.0,,,,0
1659,2019,"Kitchener-Cambridge-Waterloo, Ontario",2016S0503541,"At least one type of energy-saving light, excluding light emitting diode (LED) holiday lights",Percent,239,units,0,v92073260,31.6,82.0,,,,0
1660,2019,"Kitchener-Cambridge-Waterloo, Ontario",2016S0503541,No energy saving lights,Percent,239,units,0,v92073261,31.7,11.0,E,,,0
1661,2019,"Brantford, Ontario",2016S0503543,Compact fluorescent lights,Percent,239,units,0,v92073262,32.1,49.0,,,,0
1662,2019,"Brantford, Ontario",2016S0503543,Fluorescent tubes,Percent,239,units,0,v92073263,32.2,22.0,E,,,0
1663,2019,"Brantford, Ontario",2016S0503543,Halogen lights,Percent,239,units,0,v92073264,32.3,17.0,E,,,0
1664,2019,"Brantford, Ontario",2016S0503543,"Light emitting diode (LED) lights, excluding LED holiday lights",Percent,239,units,0,v92073265,32.8,49.0,,,,0
1665,2019,"Brantford, Ontario",2016S0503543,Light emitting diode (LED) holiday lights,Percent,239,units,0,v92073266,32.4,36.0,,,,0
1666,2019,"Brantford, Ontario",2016S0503543,At least one type of energy-saving light,Percent,239,units,0,v92073267,32.5,87.0,,,,0
1667,2019,"Brantford, Ontario",2016S0503543,"At least one type of energy-saving light, excluding light emitting diode (LED) holiday lights",Percent,239,units,0,v92073268,32.6,82.0,,,,0
1668,2019,"Brantford, Ontario",2016S0503543,No energy saving lights,Percent,239,units,0,v92073269,32.7,,F,,,0
1669,2019,"Guelph, Ontario",2016S0503550,Compact fluorescent lights,Percent,239,units,0,v92073270,33.1,52.0,,,,0
1670,2019,"Guelph, Ontario",2016S0503550,Fluorescent tubes,Percent,239,units,0,v92073271,33.2,,F,,,0
1671,2019,"Guelph, Ontario",2016S0503550,Halogen lights,Percent,239,units,0,v92073272,33.3,,F,,,0
1672,2019,"Guelph, Ontario",2016S0503550,"Light emitting diode (LED) lights, excluding LED holiday lights",Percent,239,units,0,v92073273,33.8,58.0,,,,0
1673,2019,"Guelph, Ontario",2016S0503550,Light emitting diode (LED) holiday lights,Percent,239,units,0,v92073274,33.4,43.0,E,,,0
1674,2019,"Guelph, Ontario",2016S0503550,At least one type of energy-saving light,Percent,239,units,0,v92073275,33.5,97.0,,,,0
1675,2019,"Guelph, Ontario",2016S0503550,"At least one type of energy-saving light, excluding light emitting diode (LED) holiday lights",Percent,239,units,0,v92073276,33.6,95.0,,,,0
1676,2019,"Guelph, Ontario",2016S0503550,No energy saving lights,Percent,239,units,0,v92073277,33.7,,F,,,0
1677,2019,"London, Ontario",2016S0503555,Compact fluorescent lights,Percent,239,units,0,v92073278,34.1,45.0,,,,0
1678,2019,"London, Ontario",2016S0503555,Fluorescent tubes,Percent,239,units,0,v92073279,34.2,27.0,,,,0
1679,2019,"London, Ontario",2016S0503555,Halogen lights,Percent,239,units,0,v92073280,34.3,16.0,E,,,0
1680,2019,"London, Ontario",2016S0503555,"Light emitting diode (LED) lights, excluding LED holiday lights",Percent,239,units,0,v92073281,34.8,57.0,,,,0
1681,2019,"London, Ontario",2016S0503555,Light emitting diode (LED) holiday lights,Percent,239,units,0,v92073282,34.4,38.0,,,,0
1682,2019,"London, Ontario",2016S0503555,At least one type of energy-saving light,Percent,239,units,0,v92073283,34.5,89.0,,,,0
1683,2019,"London, Ontario",2016S0503555,"At least one type of energy-saving light, excluding light emitting diode (LED) holiday lights",Percent,239,units,0,v92073284,34.6,85.0,,,,0
1684,2019,"London, Ontario",2016S0503555,No energy saving lights,Percent,239,units,0,v92073285,34.7,,F,,,0
1685,2019,"Windsor, Ontario",2016S0503559,Compact fluorescent lights,Percent,239,units,0,v92073286,35.1,52.0,,,,0
1686,2019,"Windsor, Ontario",2016S0503559,Fluorescent tubes,Percent,239,units,0,v92073287,35.2,27.0,,,,0
1687,2019,"Windsor, Ontario",2016S0503559,Halogen lights,Percent,239,units,0,v92073288,35.3,16.0,E,,,0
1688,2019,"Windsor, Ontario",2016S0503559,"Light emitting diode (LED) lights, excluding LED holiday lights",Percent,239,units,0,v92073289,35.8,48.0,,,,0
1689,2019,"Windsor, Ontario",2016S0503559,Light emitting diode (LED) holiday lights,Percent,239,units,0,v92073290,35.4,39.0,,,,0
1690,2019,"Windsor, Ontario",2016S0503559,At least one type of energy-saving light,Percent,239,units,0,v92073291,35.5,91.0,,,,0
1691,2019,"Windsor, Ontario",2016S0503559,"At least one type of energy-saving light, excluding light emitting diode (LED) holiday lights",Percent,239,units,0,v92073292,35.6,84.0,,,,0
1692,2019,"Windsor, Ontario",2016S0503559,No energy saving lights,Percent,239,units,0,v92073293,35.7,,F,,,0
1693,2019,"Barrie, Ontario",2016S0503568,Compact fluorescent lights,Percent,239,units,0,v92073294,36.1,48.0,,,,0
1694,2019,"Barrie, Ontario",2016S0503568,Fluorescent tubes,Percent,239,units,0,v92073295,36.2,21.0,E,,,0
1695,2019,"Barrie, Ontario",2016S0503568,Halogen lights,Percent,239,units,0,v92073296,36.3,,F,,,0
1696,2019,"Barrie, Ontario",2016S0503568,"Light emitting diode (LED) lights, excluding LED holiday lights",Percent,239,units,0,v92073297,36.8,56.0,,,,0
1697,2019,"Barrie, Ontario",2016S0503568,Light emitting diode (LED) holiday lights,Percent,239,units,0,v92073298,36.4,35.0,E,,,0
1698,2019,"Barrie, Ontario",2016S0503568,At least one type of energy-saving light,Percent,239,units,0,v92073299,36.5,88.0,,,,0
1699,2019,"Barrie, Ontario",2016S0503568,"At least one type of energy-saving light, excluding light emitting diode (LED) holiday lights",Percent,239,units,0,v92073300,36.6,85.0,,,,0
1700,2019,"Barrie, Ontario",2016S0503568,No energy saving lights,Percent,239,units,0,v92073301,36.7,,F,,,0
1701,2019,"Greater Sudbury, Ontario",2016S0503580,Compact fluorescent lights,Percent,239,units,0,v92073302,37.1,31.0,,,,0
1702,2019,"Greater Sudbury, Ontario",2016S0503580,Fluorescent tubes,Percent,239,units,0,v92073303,37.2,27.0,,,,0
1703,2019,"Greater Sudbury, Ontario",2016S0503580,Halogen lights,Percent,239,units,0,v92073304,37.3,19.0,E,,,0
1704,2019,"Greater Sudbury, Ontario",2016S0503580,"Light emitting diode (LED) lights, excluding LED holiday lights",Percent,239,units,0,v92073305,37.8,63.0,,,,0
1705,2019,"Greater Sudbury, Ontario",2016S0503580,Light emitting diode (LED) holiday lights,Percent,239,units,0,v92073306,37.4,41.0,,,,0
1706,2019,"Greater Sudbury, Ontario",2016S0503580,At least one type of energy-saving light,Percent,239,units,0,v92073307,37.5,92.0,,,,0
1707,2019,"Greater Sudbury, Ontario",2016S0503580,"At least one type of energy-saving light, excluding light emitting diode (LED) holiday lights",Percent,239,units,0,v92073308,37.6,87.0,,,,0
1708,2019,"Greater Sudbury, Ontario",2016S0503580,No energy saving lights,Percent,239,units,0,v92073309,37.7,,F,,,0
1709,2019,"Thunder Bay, Ontario",2016S0503595,Compact fluorescent lights,Percent,239,units,0,v92073310,38.1,62.0,,,,0
1710,2019,"Thunder Bay, Ontario",2016S0503595,Fluorescent tubes,Percent,239,units,0,v92073311,38.2,30.0,,,,0
1711,2019,"Thunder Bay, Ontario",2016S0503595,Halogen lights,Percent,239,units,0,v92073312,38.3,16.0,E,,,0
1712,2019,"Thunder Bay, Ontario",2016S0503595,"Light emitting diode (LED) lights, excluding LED holiday lights",Percent,239,units,0,v92073313,38.8,54.0,,,,0
1713,2019,"Thunder Bay, Ontario",2016S0503595,Light emitting diode (LED) holiday lights,Percent,239,units,0,v92073314,38.4,43.0,,,,0
1714,2019,"Thunder Bay, Ontario",2016S0503595,At least one type of energy-saving light,Percent,239,units,0,v92073315,38.5,92.0,,,,0
1715,2019,"Thunder Bay, Ontario",2016S0503595,"At least one type of energy-saving light, excluding light emitting diode (LED) holiday lights",Percent,239,units,0,v92073316,38.6,90.0,,,,0
1716,2019,"Thunder Bay, Ontario",2016S0503595,No energy saving lights,Percent,239,units,0,v92073317,38.7,,F,,,0
1717,2019,"Winnipeg, Manitoba",2016S0503602,Compact fluorescent lights,Percent,239,units,0,v92073318,39.1,42.0,,,,0
1718,2019,"Winnipeg, Manitoba",2016S0503602,Fluorescent tubes,Percent,239,units,0,v92073319,39.2,29.0,,,,0
1719,2019,"Winnipeg, Manitoba",2016S0503602,Halogen lights,Percent,239,units,0,v92073320,39.3,17.0,,,,0
1720,2019,"Winnipeg, Manitoba",2016S0503602,"Light emitting diode (LED) lights, excluding LED holiday lights",Percent,239,units,0,v92073321,39.8,57.0,,,,0
1721,2019,"Winnipeg, Manitoba",2016S0503602,Light emitting diode (LED) holiday lights,Percent,239,units,0,v92073322,39.4,31.0,,,,0
1722,2019,"Winnipeg, Manitoba",2016S0503602,At least one type of energy-saving light,Percent,239,units,0,v92073323,39.5,88.0,,,,0
1723,2019,"Winnipeg, Manitoba",2016S0503602,"At least one type of energy-saving light, excluding light emitting diode (LED) holiday lights",Percent,239,units,0,v92073324,39.6,85.0,,,,0
1724,2019,"Winnipeg, Manitoba",2016S0503602,No energy saving lights,Percent,239,units,0,v92073325,39.7,11.0,E,,,0
1725,2019,"Regina, Saskatchewan",2016S0503705,Compact fluorescent lights,Percent,239,units,0,v92073326,40.1,35.0,E,,,0
1726,2019,"Regina, Saskatchewan",2016S0503705,Fluorescent tubes,Percent,239,units,0,v92073327,40.2,,F,,,0
1727,2019,"Regina, Saskatchewan",2016S0503705,Halogen lights,Percent,239,units,0,v92073328,40.3,,F,,,0
1728,2019,"Regina, Saskatchewan",2016S0503705,"Light emitting diode (LED) lights, excluding LED holiday lights",Percent,239,units,0,v92073329,40.8,54.0,,,,0
1729,2019,"Regina, Saskatchewan",2016S0503705,Light emitting diode (LED) holiday lights,Percent,239,units,0,v92073330,40.4,40.0,E,,,0
1730,2019,"Regina, Saskatchewan",2016S0503705,At least one type of energy-saving light,Percent,239,units,0,v92073331,40.5,89.0,,,,0
1731,2019,"Regina, Saskatchewan",2016S0503705,"At least one type of energy-saving light, excluding light emitting diode (LED) holiday lights",Percent,239,units,0,v92073332,40.6,80.0,,,,0
1732,2019,"Regina, Saskatchewan",2016S0503705,No energy saving lights,Percent,239,units,0,v92073333,40.7,,F,,,0
1733,2019,"Saskatoon, Saskatchewan",2016S0503725,Compact fluorescent lights,Percent,239,units,0,v92073334,41.1,50.0,,,,0
1734,2019,"Saskatoon, Saskatchewan",2016S0503725,Fluorescent tubes,Percent,239,units,0,v92073335,41.2,33.0,E,,,0
1735,2019,"Saskatoon, Saskatchewan",2016S0503725,Halogen lights,Percent,239,units,0,v92073336,41.3,,F,,,0
1736,2019,"Saskatoon, Saskatchewan",2016S0503725,"Light emitting diode (LED) lights, excluding LED holiday lights",Percent,239,units,0,v92073337,41.8,61.0,,,,0
1737,2019,"Saskatoon, Saskatchewan",2016S0503725,Light emitting diode (LED) holiday lights,Percent,239,units,0,v92073338,41.4,44.0,,,,0
1738,2019,"Saskatoon, Saskatchewan",2016S0503725,At least one type of energy-saving light,Percent,239,units,0,v92073339,41.5,92.0,,,,0
1739,2019,"Saskatoon, Saskatchewan",2016S0503725,"At least one type of energy-saving light, excluding light emitting diode (LED) holiday lights",Percent,239,units,0,v92073340,41.6,91.0,,,,0
1740,2019,"Saskatoon, Saskatchewan",2016S0503725,No energy saving lights,Percent,239,units,0,v92073341,41.7,,F,,,0
1741,2019,"Lethbridge, Alberta",2016S0503810,Compact fluorescent lights,Percent,239,units,0,v1242113107,50.1,45.0,,,,0
1742,2019,"Lethbridge, Alberta",2016S0503810,Fluorescent tubes,Percent,239,units,0,v1242113108,50.2,24.0,E,,,0
1743,2019,"Lethbridge, Alberta",2016S0503810,Halogen lights,Percent,239,units,0,v1242113109,50.3,,F,,,0
1744,2019,"Lethbridge, Alberta",2016S0503810,"Light emitting diode (LED) lights, excluding LED holiday lights",Percent,239,units,0,v1242113114,50.8,48.0,,,,0
1745,2019,"Lethbridge, Alberta",2016S0503810,Light emitting diode (LED) holiday lights,Percent,239,units,0,v1242113110,50.4,30.0,,,,0
1746,2019,"Lethbridge, Alberta",2016S0503810,At least one type of energy-saving light,Percent,239,units,0,v1242113111,50.5,93.0,,,,0
1747,2019,"Lethbridge, Alberta",2016S0503810,"At least one type of energy-saving light, excluding light emitting diode (LED) holiday lights",Percent,239,units,0,v1242113112,50.6,93.0,,,,0
1748,2019,"Lethbridge, Alberta",2016S0503810,No energy saving lights,Percent,239,units,0,v1242113113,50.7,,F,,,0
1749,2019,"Calgary, Alberta",2016S0503825,Compact fluorescent lights,Percent,239,units,0,v92073342,42.1,47.0,,,,0
1750,2019,"Calgary, Alberta",2016S0503825,Fluorescent tubes,Percent,239,units,0,v92073343,42.2,20.0,,,,0
1751,2019,"Calgary, Alberta",2016S0503825,Halogen lights,Percent,239,units,0,v92073344,42.3,22.0,,,,0
1752,2019,"Calgary, Alberta",2016S0503825,"Light emitting diode (LED) lights, excluding LED holiday lights",Percent,239,units,0,v92073345,42.8,60.0,,,,0
1753,2019,"Calgary, Alberta",2016S0503825,Light emitting diode (LED) holiday lights,Percent,239,units,0,v92073346,42.4,34.0,,,,0
1754,2019,"Calgary, Alberta",2016S0503825,At least one type of energy-saving light,Percent,239,units,0,v92073347,42.5,93.0,,,,0
1755,2019,"Calgary, Alberta",2016S0503825,"At least one type of energy-saving light, excluding light emitting diode (LED) holiday lights",Percent,239,units,0,v92073348,42.6,91.0,,,,0
1756,2019,"Calgary, Alberta",2016S0503825,No energy saving lights,Percent,239,units,0,v92073349,42.7,7.0,E,,,0
1757,2019,"Edmonton, Alberta",2016S0503835,Compact fluorescent lights,Percent,239,units,0,v92073350,43.1,48.0,,,,0
1758,2019,"Edmonton, Alberta",2016S0503835,Fluorescent tubes,Percent,239,units,0,v92073351,43.2,24.0,,,,0
1759,2019,"Edmonton, Alberta",2016S0503835,Halogen lights,Percent,239,units,0,v92073352,43.3,18.0,,,,0
1760,2019,"Edmonton, Alberta",2016S0503835,"Light emitting diode (LED) lights, excluding LED holiday lights",Percent,239,units,0,v92073353,43.8,53.0,,,,0
1761,2019,"Edmonton, Alberta",2016S0503835,Light emitting diode (LED) holiday lights,Percent,239,units,0,v92073354,43.4,38.0,,,,0
1762,2019,"Edmonton, Alberta",2016S0503835,At least one type of energy-saving light,Percent,239,units,0,v92073355,43.5,92.0,,,,0
1763,2019,"Edmonton, Alberta",2016S0503835,"At least one type of energy-saving light, excluding light emitting diode (LED) holiday lights",Percent,239,units,0,v92073356,43.6,88.0,,,,0
1764,2019,"Edmonton, Alberta",2016S0503835,No energy saving lights,Percent,239,units,0,v92073357,43.7,7.0,E,,,0
1765,2019,"Kelowna, British Columbia",2016S0503915,Compact fluorescent lights,Percent,239,units,0,v92073358,44.1,56.0,,,,0
1766,2019,"Kelowna, British Columbia",2016S0503915,Fluorescent tubes,Percent,239,units,0,v92073359,44.2,23.0,E,,,0
1767,2019,"Kelowna, British Columbia",2016S0503915,Halogen lights,Percent,239,units,0,v92073360,44.3,23.0,E,,,0
1768,2019,"Kelowna, British Columbia",2016S0503915,"Light emitting diode (LED) lights, excluding LED holiday lights",Percent,239,units,0,v92073361,44.8,60.0,,,,0
1769,2019,"Kelowna, British Columbia",2016S0503915,Light emitting diode (LED) holiday lights,Percent,239,units,0,v92073362,44.4,50.0,,,,0
1770,2019,"Kelowna, British Columbia",2016S0503915,At least one type of energy-saving light,Percent,239,units,0,v92073363,44.5,94.0,,,,0
1771,2019,"Kelowna, British Columbia",2016S0503915,"At least one type of energy-saving light, excluding light emitting diode (LED) holiday lights",Percent,239,units,0,v92073364,44.6,88.0,,,,0
1772,2019,"Kelowna, British Columbia",2016S0503915,No energy saving lights,Percent,239,units,0,v92073365,44.7,,F,,,0
1773,2019,"Abbotsford-Mission, British Columbia",2016S0503932,Compact fluorescent lights,Percent,239,units,0,v92073366,45.1,45.0,,,,0
1774,2019,"Abbotsford-Mission, British Columbia",2016S0503932,Fluorescent tubes,Percent,239,units,0,v92073367,45.2,27.0,E,,,0
1775,2019,"Abbotsford-Mission, British Columbia",2016S0503932,Halogen lights,Percent,239,units,0,v92073368,45.3,21.0,E,,,0
1776,2019,"Abbotsford-Mission, British Columbia",2016S0503932,"Light emitting diode (LED) lights, excluding LED holiday lights",Percent,239,units,0,v92073369,45.8,58.0,,,,0
1777,2019,"Abbotsford-Mission, British Columbia",2016S0503932,Light emitting diode (LED) holiday lights,Percent,239,units,0,v92073370,45.4,32.0,E,,,0
1778,2019,"Abbotsford-Mission, British Columbia",2016S0503932,At least one type of energy-saving light,Percent,239,units,0,v92073371,45.5,94.0,,,,0
1779,2019,"Abbotsford-Mission, British Columbia",2016S0503932,"At least one type of energy-saving light, excluding light emitting diode (LED) holiday lights",Percent,239,units,0,v92073372,45.6,92.0,,,,0
1780,2019,"Abbotsford-Mission, British Columbia",2016S0503932,No energy saving lights,Percent,239,units,0,v92073373,45.7,,F,,,0
1781,2019,"Vancouver, British Columbia",2016S0503933,Compact fluorescent lights,Percent,239,units,0,v92073374,46.1,47.0,,,,0
1782,2019,"Vancouver, British Columbia",2016S0503933,Fluorescent tubes,Percent,239,units,0,v92073375,46.2,24.0,,,,0
1783,2019,"Vancouver, British Columbia",2016S0503933,Halogen lights,Percent,239,units,0,v92073376,46.3,23.0,,,,0
1784,2019,"Vancouver, British Columbia",2016S0503933,"Light emitting diode (LED) lights, excluding LED holiday lights",Percent,239,units,0,v92073377,46.8,52.0,,,,0
1785,2019,"Vancouver, British Columbia",2016S0503933,Light emitting diode (LED) holiday lights,Percent,239,units,0,v92073378,46.4,37.0,,,,0
1786,2019,"Vancouver, British Columbia",2016S0503933,At least one type of energy-saving light,Percent,239,units,0,v92073379,46.5,92.0,,,,0
1787,2019,"Vancouver, British Columbia",2016S0503933,"At least one type of energy-saving light, excluding light emitting diode (LED) holiday lights",Percent,239,units,0,v92073380,46.6,88.0,,,,0
1788,2019,"Vancouver, British Columbia",2016S0503933,No energy saving lights,Percent,239,units,0,v92073381,46.7,8.0,,,,0
1789,2019,"Victoria, British Columbia",2016S0503935,Compact fluorescent lights,Percent,239,units,0,v92073382,47.1,50.0,,,,0
1790,2019,"Victoria, British Columbia",2016S0503935,Fluorescent tubes,Percent,239,units,0,v92073383,47.2,29.0,,,,0
1791,2019,"Victoria, British Columbia",2016S0503935,Halogen lights,Percent,239,units,0,v92073384,47.3,21.0,E,,,0
1792,2019,"Victoria, British Columbia",2016S0503935,"Light emitting diode (LED) lights, excluding LED holiday lights",Percent,239,units,0,v92073385,47.8,56.0,,,,0
1793,2019,"Victoria, British Columbia",2016S0503935,Light emitting diode (LED) holiday lights,Percent,239,units,0,v92073386,47.4,42.0,,,,0
1794,2019,"Victoria, British Columbia",2016S0503935,At least one type of energy-saving light,Percent,239,units,0,v92073387,47.5,94.0,,,,0
1795,2019,"Victoria, British Columbia",2016S0503935,"At least one type of energy-saving light, excluding light emitting diode (LED) holiday lights",Percent,239,units,0,v92073388,47.6,92.0,,,,0
1796,2019,"Victoria, British Columbia",2016S0503935,No energy saving lights,Percent,239,units,0,v92073389,47.7,,F,,,0
1797,2019,Non-census metropolitan areas,,Compact fluorescent lights,Percent,239,units,0,v92073390,48.1,46.0,,,,0
1798,2019,Non-census metropolitan areas,,Fluorescent tubes,Percent,239,units,0,v92073391,48.2,25.0,,,,0
1799,2019,Non-census metropolitan areas,,Halogen lights,Percent,239,units,0,v92073392,48.3,18.0,,,,0
1800,2019,Non-census metropolitan areas,,"Light emitting diode (LED) lights, excluding LED holiday lights",Percent,239,units,0,v92073393,48.8,54.0,,,,0
1801,2019,Non-census metropolitan areas,,Light emitting diode (LED) holiday lights,Percent,239,units,0,v92073394,48.4,36.0,,,,0
1802,2019,Non-census metropolitan areas,,At least one type of energy-saving light,Percent,239,units,0,v92073395,48.5,89.0,,,,0
1803,2019,Non-census metropolitan areas,,"At least one type of energy-saving light, excluding light emitting diode (LED) holiday lights",Percent,239,units,0,v92073396,48.6,85.0,,,,0
1804,2019,Non-census metropolitan areas,,No energy saving lights,Percent,239,units,0,v92073397,48.7,11.0,,,,0
1805,2021,Canada,2021A000011124,Compact fluorescent lights,Percent,239,units,0,v44185211,1.1,37.0,,,,0
1806,2021,Canada,2021A000011124,Fluorescent tubes,Percent,239,units,0,v44185212,1.2,18.0,,,,0
1807,2021,Canada,2021A000011124,Halogen lights,Percent,239,units,0,v44185213,1.3,16.0,,,,0
1808,2021,Canada,2021A000011124,"Light emitting diode (LED) lights, excluding LED holiday lights",Percent,239,units,0,v53599722,1.8,53.0,,,,0
1809,2021,Canada,2021A000011124,Light emitting diode (LED) holiday lights,Percent,239,units,0,v44185214,1.4,35.0,,,,0
1810,2021,Canada,2021A000011124,At least one type of energy-saving light,Percent,239,units,0,v44185215,1.5,87.0,,,,0
1811,2021,Canada,2021A000011124,"At least one type of energy-saving light, excluding light emitting diode (LED) holiday lights",Percent,239,units,0,v44185216,1.6,81.0,,,,0
1812,2021,Canada,2021A000011124,No energy saving lights,Percent,239,units,0,v44185217,1.7,13.0,,,,0
1813,2021,Newfoundland and Labrador,2021A000210,Compact fluorescent lights,Percent,239,units,0,v44185218,2.1,33.0,,,,0
1814,2021,Newfoundland and Labrador,2021A000210,Fluorescent tubes,Percent,239,units,0,v44185219,2.2,13.0,,,,0
1815,2021,Newfoundland and Labrador,2021A000210,Halogen lights,Percent,239,units,0,v44185220,2.3,9.0,,,,0
1816,2021,Newfoundland and Labrador,2021A000210,"Light emitting diode (LED) lights, excluding LED holiday lights",Percent,239,units,0,v53599723,2.8,54.0,,,,0
1817,2021,Newfoundland and Labrador,2021A000210,Light emitting diode (LED) holiday lights,Percent,239,units,0,v44185221,2.4,43.0,,,,0
1818,2021,Newfoundland and Labrador,2021A000210,At least one type of energy-saving light,Percent,239,units,0,v44185222,2.5,87.0,,,,0
1819,2021,Newfoundland and Labrador,2021A000210,"At least one type of energy-saving light, excluding light emitting diode (LED) holiday lights",Percent,239,units,0,v44185223,2.6,77.0,,,,0
1820,2021,Newfoundland and Labrador,2021A000210,No energy saving lights,Percent,239,units,0,v44185224,2.7,13.0,,,,0
1821,2021,Prince Edward Island,2021A000211,Compact fluorescent lights,Percent,239,units,0,v44185225,3.1,38.0,,,,0
1822,2021,Prince Edward Island,2021A000211,Fluorescent tubes,Percent,239,units,0,v44185226,3.2,17.0,,,,0
1823,2021,Prince Edward Island,2021A000211,Halogen lights,Percent,239,units,0,v44185227,3.3,10.0,,,,0
1824,2021,Prince Edward Island,2021A000211,"Light emitting diode (LED) lights, excluding LED holiday lights",Percent,239,units,0,v53599724,3.8,50.0,,,,0
1825,2021,Prince Edward Island,2021A000211,Light emitting diode (LED) holiday lights,Percent,239,units,0,v44185228,3.4,41.0,,,,0
1826,2021,Prince Edward Island,2021A000211,At least one type of energy-saving light,Percent,239,units,0,v44185229,3.5,85.0,,,,0
1827,2021,Prince Edward Island,2021A000211,"At least one type of energy-saving light, excluding light emitting diode (LED) holiday lights",Percent,239,units,0,v44185230,3.6,77.0,,,,0
1828,2021,Prince Edward Island,2021A000211,No energy saving lights,Percent,239,units,0,v44185231,3.7,14.0,,,,0
1829,2021,Nova Scotia,2021A000212,Compact fluorescent lights,Percent,239,units,0,v44185232,4.1,39.0,,,,0
1830,2021,Nova Scotia,2021A000212,Fluorescent tubes,Percent,239,units,0,v44185233,4.2,16.0,,,,0
1831,2021,Nova Scotia,2021A000212,Halogen lights,Percent,239,units,0,v44185234,4.3,11.0,,,,0
1832,2021,Nova Scotia,2021A000212,"Light emitting diode (LED) lights, excluding LED holiday lights",Percent,239,units,0,v53599725,4.8,53.0,,,,0
1833,2021,Nova Scotia,2021A000212,Light emitting diode (LED) holiday lights,Percent,239,units,0,v44185235,4.4,40.0,,,,0
1834,2021,Nova Scotia,2021A000212,At least one type of energy-saving light,Percent,239,units,0,v44185236,4.5,88.0,,,,0
1835,2021,Nova Scotia,2021A000212,"At least one type of energy-saving light, excluding light emitting diode (LED) holiday lights",Percent,239,units,0,v44185237,4.6,80.0,,,,0
1836,2021,Nova Scotia,2021A000212,No energy saving lights,Percent,239,units,0,v44185238,4.7,12.0,,,,0
1837,2021,New Brunswick,2021A000213,Compact fluorescent lights,Percent,239,units,0,v44185239,5.1,32.0,,,,0
1838,2021,New Brunswick,2021A000213,Fluorescent tubes,Percent,239,units,0,v44185240,5.2,16.0,,,,0
1839,2021,New Brunswick,2021A000213,Halogen lights,Percent,239,units,0,v44185241,5.3,11.0,,,,0
1840,2021,New Brunswick,2021A000213,"Light emitting diode (LED) lights, excluding LED holiday lights",Percent,239,units,0,v53599726,5.8,54.0,,,,0
1841,2021,New Brunswick,2021A000213,Light emitting diode (LED) holiday lights,Percent,239,units,0,v44185242,5.4,33.0,,,,0
1842,2021,New Brunswick,2021A000213,At least one type of energy-saving light,Percent,239,units,0,v44185243,5.5,86.0,,,,0
1843,2021,New Brunswick,2021A000213,"At least one type of energy-saving light, excluding light emitting diode (LED) holiday lights",Percent,239,units,0,v44185244,5.6,80.0,,,,0
1844,2021,New Brunswick,2021A000213,No energy saving lights,Percent,239,units,0,v44185245,5.7,14.0,,,,0
1845,2021,Quebec,2021A000224,Compact fluorescent lights,Percent,239,units,0,v44185246,6.1,34.0,,,,0
1846,2021,Quebec,2021A000224,Fluorescent tubes,Percent,239,units,0,v44185247,6.2,14.0,,,,0
1847,2021,Quebec,2021A000224,Halogen lights,Percent,239,units,0,v44185248,6.3,20.0,,,,0
1848,2021,Quebec,2021A000224,"Light emitting diode (LED) lights, excluding LED holiday lights",Percent,239,units,0,v53599727,6.8,53.0,,,,0
1849,2021,Quebec,2021A000224,Light emitting diode (LED) holiday lights,Percent,239,units,0,v44185249,6.4,26.0,,,,0
1850,2021,Quebec,2021A000224,At least one type of energy-saving light,Percent,239,units,0,v44185250,6.5,83.0,,,,0
1851,2021,Quebec,2021A000224,"At least one type of energy-saving light, excluding light emitting diode (LED) holiday lights",Percent,239,units,0,v44185251,6.6,79.0,,,,0
1852,2021,Quebec,2021A000224,No energy saving lights,Percent,239,units,0,v44185252,6.7,16.0,,,,0
1853,2021,Ontario,2021A000235,Compact fluorescent lights,Percent,239,units,0,v44185253,7.1,40.0,,,,0
1854,2021,Ontario,2021A000235,Fluorescent tubes,Percent,239,units,0,v44185254,7.2,20.0,,,,0
1855,2021,Ontario,2021A000235,Halogen lights,Percent,239,units,0,v44185255,7.3,16.0,,,,0
1856,2021,Ontario,2021A000235,"Light emitting diode (LED) lights, excluding LED holiday lights",Percent,239,units,0,v53599728,7.8,52.0,,,,0
1857,2021,Ontario,2021A000235,Light emitting diode (LED) holiday lights,Percent,239,units,0,v44185256,7.4,39.0,,,,0
1858,2021,Ontario,2021A000235,At least one type of energy-saving light,Percent,239,units,0,v44185257,7.5,88.0,,,,0
1859,2021,Ontario,2021A000235,"At least one type of energy-saving light, excluding light emitting diode (LED) holiday lights",Percent,239,units,0,v44185258,7.6,81.0,,,,0
1860,2021,Ontario,2021A000235,No energy saving lights,Percent,239,units,0,v44185259,7.7,11.0,,,,0
1861,2021,Manitoba,2021A000246,Compact fluorescent lights,Percent,239,units,0,v44185260,8.1,38.0,,,,0
1862,2021,Manitoba,2021A000246,Fluorescent tubes,Percent,239,units,0,v44185261,8.2,30.0,,,,0
1863,2021,Manitoba,2021A000246,Halogen lights,Percent,239,units,0,v44185262,8.3,17.0,,,,0
1864,2021,Manitoba,2021A000246,"Light emitting diode (LED) lights, excluding LED holiday lights",Percent,239,units,0,v53599729,8.8,54.0,,,,0
1865,2021,Manitoba,2021A000246,Light emitting diode (LED) holiday lights,Percent,239,units,0,v44185263,8.4,40.0,,,,0
1866,2021,Manitoba,2021A000246,At least one type of energy-saving light,Percent,239,units,0,v44185264,8.5,90.0,,,,0
1867,2021,Manitoba,2021A000246,"At least one type of energy-saving light, excluding light emitting diode (LED) holiday lights",Percent,239,units,0,v44185265,8.6,83.0,,,,0
1868,2021,Manitoba,2021A000246,No energy saving lights,Percent,239,units,0,v44185266,8.7,10.0,,,,0
1869,2021,Saskatchewan,2021A000247,Compact fluorescent lights,Percent,239,units,0,v44185267,9.1,32.0,,,,0
1870,2021,Saskatchewan,2021A000247,Fluorescent tubes,Percent,239,units,0,v44185268,9.2,22.0,,,,0
1871,2021,Saskatchewan,2021A000247,Halogen lights,Percent,239,units,0,v44185269,9.3,14.0,,,,0
1872,2021,Saskatchewan,2021A000247,"Light emitting diode (LED) lights, excluding LED holiday lights",Percent,239,units,0,v53599730,9.8,54.0,,,,0
1873,2021,Saskatchewan,2021A000247,Light emitting diode (LED) holiday lights,Percent,239,units,0,v44185270,9.4,35.0,,,,0
1874,2021,Saskatchewan,2021A000247,At least one type of energy-saving light,Percent,239,units,0,v44185271,9.5,85.0,,,,0
1875,2021,Saskatchewan,2021A000247,"At least one type of energy-saving light, excluding light emitting diode (LED) holiday lights",Percent,239,units,0,v44185272,9.6,79.0,,,,0
1876,2021,Saskatchewan,2021A000247,No energy saving lights,Percent,239,units,0,v44185273,9.7,15.0,,,,0
1877,2021,Alberta,2021A000248,Compact fluorescent lights,Percent,239,units,0,v44185274,10.1,36.0,,,,0
1878,2021,Alberta,2021A000248,Fluorescent tubes,Percent,239,units,0,v44185275,10.2,19.0,,,,0
1879,2021,Alberta,2021A000248,Halogen lights,Percent,239,units,0,v44185276,10.3,15.0,,,,0
1880,2021,Alberta,2021A000248,"Light emitting diode (LED) lights, excluding LED holiday lights",Percent,239,units,0,v53599731,10.8,57.0,,,,0
1881,2021,Alberta,2021A000248,Light emitting diode (LED) holiday lights,Percent,239,units,0,v44185277,10.4,37.0,,,,0
1882,2021,Alberta,2021A000248,At least one type of energy-saving light,Percent,239,units,0,v44185278,10.5,87.0,,,,0
1883,2021,Alberta,2021A000248,"At least one type of energy-saving light, excluding light emitting diode (LED) holiday lights",Percent,239,units,0,v44185279,10.6,81.0,,,,0
1884,2021,Alberta,2021A000248,No energy saving lights,Percent,239,units,0,v44185280,10.7,12.0,,,,0
1885,2021,British Columbia,2021A000259,Compact fluorescent lights,Percent,239,units,0,v44185281,11.1,38.0,,,,0
1886,2021,British Columbia,2021A000259,Fluorescent tubes,Percent,239,units,0,v44185282,11.2,19.0,,,,0
1887,2021,British Columbia,2021A000259,Halogen lights,Percent,239,units,0,v44185283,11.3,16.0,,,,0
1888,2021,British Columbia,2021A000259,"Light emitting diode (LED) lights, excluding LED holiday lights",Percent,239,units,0,v53599732,11.8,55.0,,,,0
1889,2021,British Columbia,2021A000259,Light emitting diode (LED) holiday lights,Percent,239,units,0,v44185284,11.4,41.0,,,,0
1890,2021,British Columbia,2021A000259,At least one type of energy-saving light,Percent,239,units,0,v44185285,11.5,90.0,,,,0
1891,2021,British Columbia,2021A000259,"At least one type of energy-saving light, excluding light emitting diode (LED) holiday lights",Percent,239,units,0,v44185286,11.6,83.0,,,,0
1892,2021,British Columbia,2021A000259,No energy saving lights,Percent,239,units,0,v44185287,11.7,10.0,,,,0
1893,2021,Total census metropolitan areas,,Compact fluorescent lights,Percent,239,units,0,v92073102,12.1,37.0,,,,0
1894,2021,Total census metropolitan areas,,Fluorescent tubes,Percent,239,units,0,v92073103,12.2,18.0,,,,0
1895,2021,Total census metropolitan areas,,Halogen lights,Percent,239,units,0,v92073104,12.3,17.0,,,,0
1896,2021,Total census metropolitan areas,,"Light emitting diode (LED) lights, excluding LED holiday lights",Percent,239,units,0,v92073105,12.8,52.0,,,,0
1897,2021,Total census metropolitan areas,,Light emitting diode (LED) holiday lights,Percent,239,units,0,v92073106,12.4,35.0,,,,0
1898,2021,Total census metropolitan areas,,At least one type of energy-saving light,Percent,239,units,0,v92073107,12.5,87.0,,,,0
1899,2021,Total census metropolitan areas,,"At least one type of energy-saving light, excluding light emitting diode (LED) holiday lights",Percent,239,units,0,v92073108,12.6,80.0,,,,0
1900,2021,Total census metropolitan areas,,No energy saving lights,Percent,239,units,0,v92073109,12.7,13.0,,,,0
1901,2021,"St. John's, Newfoundland and Labrador",2016S05031,Compact fluorescent lights,Percent,239,units,0,v92073110,13.1,36.0,,,,0
1902,2021,"St. John's, Newfoundland and Labrador",2016S05031,Fluorescent tubes,Percent,239,units,0,v92073111,13.2,14.0,,,,0
1903,2021,"St. John's, Newfoundland and Labrador",2016S05031,Halogen lights,Percent,239,units,0,v92073112,13.3,12.0,,,,0
1904,2021,"St. John's, Newfoundland and Labrador",2016S05031,"Light emitting diode (LED) lights, excluding LED holiday lights",Percent,239,units,0,v92073113,13.8,56.0,,,,0
1905,2021,"St. John's, Newfoundland and Labrador",2016S05031,Light emitting diode (LED) holiday lights,Percent,239,units,0,v92073114,13.4,48.0,,,,0
1906,2021,"St. John's, Newfoundland and Labrador",2016S05031,At least one type of energy-saving light,Percent,239,units,0,v92073115,13.5,88.0,,,,0
1907,2021,"St. John's, Newfoundland and Labrador",2016S05031,"At least one type of energy-saving light, excluding light emitting diode (LED) holiday lights",Percent,239,units,0,v92073116,13.6,78.0,,,,0
1908,2021,"St. John's, Newfoundland and Labrador",2016S05031,No energy saving lights,Percent,239,units,0,v92073117,13.7,12.0,E,,,0
1909,2021,"Halifax, Nova Scotia",2016S0503205,Compact fluorescent lights,Percent,239,units,0,v92073118,14.1,40.0,,,,0
1910,2021,"Halifax, Nova Scotia",2016S0503205,Fluorescent tubes,Percent,239,units,0,v92073119,14.2,15.0,,,,0
1911,2021,"Halifax, Nova Scotia",2016S0503205,Halogen lights,Percent,239,units,0,v92073120,14.3,13.0,,,,0
1912,2021,"Halifax, Nova Scotia",2016S0503205,"Light emitting diode (LED) lights, excluding LED holiday lights",Percent,239,units,0,v92073121,14.8,51.0,,,,0
1913,2021,"Halifax, Nova Scotia",2016S0503205,Light emitting diode (LED) holiday lights,Percent,239,units,0,v92073122,14.4,41.0,,,,0
1914,2021,"Halifax, Nova Scotia",2016S0503205,At least one type of energy-saving light,Percent,239,units,0,v92073123,14.5,89.0,,,,0
1915,2021,"Halifax, Nova Scotia",2016S0503205,"At least one type of energy-saving light, excluding light emitting diode (LED) holiday lights",Percent,239,units,0,v92073124,14.6,81.0,,,,0
1916,2021,"Halifax, Nova Scotia",2016S0503205,No energy saving lights,Percent,239,units,0,v92073125,14.7,11.0,E,,,0
1917,2021,"Moncton, New Brunswick",2016S0503305,Compact fluorescent lights,Percent,239,units,0,v92073126,15.1,29.0,,,,0
1918,2021,"Moncton, New Brunswick",2016S0503305,Fluorescent tubes,Percent,239,units,0,v92073127,15.2,14.0,E,,,0
1919,2021,"Moncton, New Brunswick",2016S0503305,Halogen lights,Percent,239,units,0,v92073128,15.3,,F,,,0
1920,2021,"Moncton, New Brunswick",2016S0503305,"Light emitting diode (LED) lights, excluding LED holiday lights",Percent,239,units,0,v92073129,15.8,52.0,,,,0
1921,2021,"Moncton, New Brunswick",2016S0503305,Light emitting diode (LED) holiday lights,Percent,239,units,0,v92073130,15.4,33.0,,,,0
1922,2021,"Moncton, New Brunswick",2016S0503305,At least one type of energy-saving light,Percent,239,units,0,v92073131,15.5,83.0,,,,0
1923,2021,"Moncton, New Brunswick",2016S0503305,"At least one type of energy-saving light, excluding light emitting diode (LED) holiday lights",Percent,239,units,0,v92073132,15.6,75.0,,,,0
1924,2021,"Moncton, New Brunswick",2016S0503305,No energy saving lights,Percent,239,units,0,v92073133,15.7,17.0,E,,,0
1925,2021,"Saint John, New Brunswick",2016S0503310,Compact fluorescent lights,Percent,239,units,0,v92073134,16.1,31.0,,,,0
1926,2021,"Saint John, New Brunswick",2016S0503310,Fluorescent tubes,Percent,239,units,0,v92073135,16.2,16.0,E,,,0
1927,2021,"Saint John, New Brunswick",2016S0503310,Halogen lights,Percent,239,units,0,v92073136,16.3,,F,,,0
1928,2021,"Saint John, New Brunswick",2016S0503310,"Light emitting diode (LED) lights, excluding LED holiday lights",Percent,239,units,0,v92073137,16.8,54.0,,,,0
1929,2021,"Saint John, New Brunswick",2016S0503310,Light emitting diode (LED) holiday lights,Percent,239,units,0,v92073138,16.4,40.0,,,,0
1930,2021,"Saint John, New Brunswick",2016S0503310,At least one type of energy-saving light,Percent,239,units,0,v92073139,16.5,87.0,,,,0
1931,2021,"Saint John, New Brunswick",2016S0503310,"At least one type of energy-saving light, excluding light emitting diode (LED) holiday lights",Percent,239,units,0,v92073140,16.6,83.0,,,,0
1932,2021,"Saint John, New Brunswick",2016S0503310,No energy saving lights,Percent,239,units,0,v92073141,16.7,,F,,,0
1933,2021,"Saguenay, Quebec",2016S0503408,Compact fluorescent lights,Percent,239,units,0,v92073142,17.1,,F,,,0
1934,2021,"Saguenay, Quebec",2016S0503408,Fluorescent tubes,Percent,239,units,0,v92073143,17.2,,F,,,0
1935,2021,"Saguenay, Quebec",2016S0503408,Halogen lights,Percent,239,units,0,v92073144,17.3,,F,,,0
1936,2021,"Saguenay, Quebec",2016S0503408,"Light emitting diode (LED) lights, excluding LED holiday lights",Percent,239,units,0,v92073145,17.8,54.0,,,,0
1937,2021,"Saguenay, Quebec",2016S0503408,Light emitting diode (LED) holiday lights,Percent,239,units,0,v92073146,17.4,,F,,,0
1938,2021,"Saguenay, Quebec",2016S0503408,At least one type of energy-saving light,Percent,239,units,0,v92073147,17.5,79.0,,,,0
1939,2021,"Saguenay, Quebec",2016S0503408,"At least one type of energy-saving light, excluding light emitting diode (LED) holiday lights",Percent,239,units,0,v92073148,17.6,76.0,,,,0
1940,2021,"Saguenay, Quebec",2016S0503408,No energy saving lights,Percent,239,units,0,v92073149,17.7,,F,,,0
1941,2021,"Québec, Quebec",2016S0503421,Compact fluorescent lights,Percent,239,units,0,v92073150,18.1,39.0,,,,0
1942,2021,"Québec, Quebec",2016S0503421,Fluorescent tubes,Percent,239,units,0,v92073151,18.2,18.0,,,,0
1943,2021,"Québec, Quebec",2016S0503421,Halogen lights,Percent,239,units,0,v92073152,18.3,24.0,,,,0
1944,2021,"Québec, Quebec",2016S0503421,"Light emitting diode (LED) lights, excluding LED holiday lights",Percent,239,units,0,v92073153,18.8,57.0,,,,0
1945,2021,"Québec, Quebec",2016S0503421,Light emitting diode (LED) holiday lights,Percent,239,units,0,v92073154,18.4,28.0,,,,0
1946,2021,"Québec, Quebec",2016S0503421,At least one type of energy-saving light,Percent,239,units,0,v92073155,18.5,89.0,,,,0
1947,2021,"Québec, Quebec",2016S0503421,"At least one type of energy-saving light, excluding light emitting diode (LED) holiday lights",Percent,239,units,0,v92073156,18.6,87.0,,,,0
1948,2021,"Québec, Quebec",2016S0503421,No energy saving lights,Percent,239,units,0,v92073157,18.7,10.0,,,,0
1949,2021,"Sherbrooke, Quebec",2016S0503433,Compact fluorescent lights,Percent,239,units,0,v92073158,19.1,33.0,,,,0
1950,2021,"Sherbrooke, Quebec",2016S0503433,Fluorescent tubes,Percent,239,units,0,v92073159,19.2,,F,,,0
1951,2021,"Sherbrooke, Quebec",2016S0503433,Halogen lights,Percent,239,units,0,v92073160,19.3,22.0,E,,,0
1952,2021,"Sherbrooke, Quebec",2016S0503433,"Light emitting diode (LED) lights, excluding LED holiday lights",Percent,239,units,0,v92073161,19.8,55.0,,,,0
1953,2021,"Sherbrooke, Quebec",2016S0503433,Light emitting diode (LED) holiday lights,Percent,239,units,0,v92073162,19.4,27.0,,,,0
1954,2021,"Sherbrooke, Quebec",2016S0503433,At least one type of energy-saving light,Percent,239,units,0,v92073163,19.5,81.0,,,,0
1955,2021,"Sherbrooke, Quebec",2016S0503433,"At least one type of energy-saving light, excluding light emitting diode (LED) holiday lights",Percent,239,units,0,v92073164,19.6,80.0,,,,0
1956,2021,"Sherbrooke, Quebec",2016S0503433,No energy saving lights,Percent,239,units,0,v92073165,19.7,19.0,E,,,0
1957,2021,"Trois-Rivières, Quebec",2016S0503442,Compact fluorescent lights,Percent,239,units,0,v92073166,20.1,33.0,,,,0
1958,2021,"Trois-Rivières, Quebec",2016S0503442,Fluorescent tubes,Percent,239,units,0,v92073167,20.2,,F,,,0
1959,2021,"Trois-Rivières, Quebec",2016S0503442,Halogen lights,Percent,239,units,0,v92073168,20.3,22.0,E,,,0
1960,2021,"Trois-Rivières, Quebec",2016S0503442,"Light emitting diode (LED) lights, excluding LED holiday lights",Percent,239,units,0,v92073169,20.8,47.0,,,,0
1961,2021,"Trois-Rivières, Quebec",2016S0503442,Light emitting diode (LED) holiday lights,Percent,239,units,0,v92073170,20.4,25.0,E,,,0
1962,2021,"Trois-Rivières, Quebec",2016S0503442,At least one type of energy-saving light,Percent,239,units,0,v92073171,20.5,75.0,,,,0
1963,2021,"Trois-Rivières, Quebec",2016S0503442,"At least one type of energy-saving light, excluding light emitting diode (LED) holiday lights",Percent,239,units,0,v92073172,20.6,73.0,,,,0
1964,2021,"Trois-Rivières, Quebec",2016S0503442,No energy saving lights,Percent,239,units,0,v92073173,20.7,,F,,,0
1965,2021,"Montréal, Quebec",2016S0503462,Compact fluorescent lights,Percent,239,units,0,v92073174,21.1,33.0,,,,0
1966,2021,"Montréal, Quebec",2016S0503462,Fluorescent tubes,Percent,239,units,0,v92073175,21.2,13.0,,,,0
1967,2021,"Montréal, Quebec",2016S0503462,Halogen lights,Percent,239,units,0,v92073176,21.3,22.0,,,,0
1968,2021,"Montréal, Quebec",2016S0503462,"Light emitting diode (LED) lights, excluding LED holiday lights",Percent,239,units,0,v92073177,21.8,51.0,,,,0
1969,2021,"Montréal, Quebec",2016S0503462,Light emitting diode (LED) holiday lights,Percent,239,units,0,v92073178,21.4,25.0,,,,0
1970,2021,"Montréal, Quebec",2016S0503462,At least one type of energy-saving light,Percent,239,units,0,v92073179,21.5,82.0,,,,0
1971,2021,"Montréal, Quebec",2016S0503462,"At least one type of energy-saving light, excluding light emitting diode (LED) holiday lights",Percent,239,units,0,v92073180,21.6,77.0,,,,0
1972,2021,"Montréal, Quebec",2016S0503462,No energy saving lights,Percent,239,units,0,v92073181,21.7,18.0,,,,0
1973,2021,"Ottawa-Gatineau, Ontario/Quebec",2016S0503505,Compact fluorescent lights,Percent,239,units,0,v92073182,22.1,44.0,,,,0
1974,2021,"Ottawa-Gatineau, Ontario/Quebec",2016S0503505,Fluorescent tubes,Percent,239,units,0,v92073183,22.2,21.0,,,,0
1975,2021,"Ottawa-Gatineau, Ontario/Quebec",2016S0503505,Halogen lights,Percent,239,units,0,v92073184,22.3,20.0,,,,0
1976,2021,"Ottawa-Gatineau, Ontario/Quebec",2016S0503505,"Light emitting diode (LED) lights, excluding LED holiday lights",Percent,239,units,0,v92073185,22.8,50.0,,,,0
1977,2021,"Ottawa-Gatineau, Ontario/Quebec",2016S0503505,Light emitting diode (LED) holiday lights,Percent,239,units,0,v92073186,22.4,37.0,,,,0
1978,2021,"Ottawa-Gatineau, Ontario/Quebec",2016S0503505,At least one type of energy-saving light,Percent,239,units,0,v92073187,22.5,88.0,,,,0
1979,2021,"Ottawa-Gatineau, Ontario/Quebec",2016S0503505,"At least one type of energy-saving light, excluding light emitting diode (LED) holiday lights",Percent,239,units,0,v92073188,22.6,83.0,,,,0
1980,2021,"Ottawa-Gatineau, Ontario/Quebec",2016S0503505,No energy saving lights,Percent,239,units,0,v92073189,22.7,11.0,,,,0
1981,2021,Ottawa-Gatineau (Quebec part),2016S050524505,Compact fluorescent lights,Percent,239,units,0,v92073190,23.1,42.0,,,,0
1982,2021,Ottawa-Gatineau (Quebec part),2016S050524505,Fluorescent tubes,Percent,239,units,0,v92073191,23.2,18.0,,,,0
1983,2021,Ottawa-Gatineau (Quebec part),2016S050524505,Halogen lights,Percent,239,units,0,v92073192,23.3,18.0,,,,0
1984,2021,Ottawa-Gatineau (Quebec part),2016S050524505,"Light emitting diode (LED) lights, excluding LED holiday lights",Percent,239,units,0,v92073193,23.8,54.0,,,,0
1985,2021,Ottawa-Gatineau (Quebec part),2016S050524505,Light emitting diode (LED) holiday lights,Percent,239,units,0,v92073194,23.4,34.0,,,,0
1986,2021,Ottawa-Gatineau (Quebec part),2016S050524505,At least one type of energy-saving light,Percent,239,units,0,v92073195,23.5,83.0,,,,0
1987,2021,Ottawa-Gatineau (Quebec part),2016S050524505,"At least one type of energy-saving light, excluding light emitting diode (LED) holiday lights",Percent,239,units,0,v92073196,23.6,78.0,,,,0
1988,2021,Ottawa-Gatineau (Quebec part),2016S050524505,No energy saving lights,Percent,239,units,0,v92073197,23.7,16.0,E,,,0
1989,2021,Ottawa-Gatineau (Ontario part),2016S050535505,Compact fluorescent lights,Percent,239,units,0,v92073198,24.1,45.0,,,,0
1990,2021,Ottawa-Gatineau (Ontario part),2016S050535505,Fluorescent tubes,Percent,239,units,0,v92073199,24.2,22.0,,,,0
1991,2021,Ottawa-Gatineau (Ontario part),2016S050535505,Halogen lights,Percent,239,units,0,v92073200,24.3,20.0,,,,0
1992,2021,Ottawa-Gatineau (Ontario part),2016S050535505,"Light emitting diode (LED) lights, excluding LED holiday lights",Percent,239,units,0,v92073201,24.8,48.0,,,,0
1993,2021,Ottawa-Gatineau (Ontario part),2016S050535505,Light emitting diode (LED) holiday lights,Percent,239,units,0,v92073202,24.4,38.0,,,,0
1994,2021,Ottawa-Gatineau (Ontario part),2016S050535505,At least one type of energy-saving light,Percent,239,units,0,v92073203,24.5,90.0,,,,0
1995,2021,Ottawa-Gatineau (Ontario part),2016S050535505,"At least one type of energy-saving light, excluding light emitting diode (LED) holiday lights",Percent,239,units,0,v92073204,24.6,84.0,,,,0
1996,2021,Ottawa-Gatineau (Ontario part),2016S050535505,No energy saving lights,Percent,239,units,0,v92073205,24.7,10.0,,,,0
1997,2021,"Kingston, Ontario",2016S0503521,Compact fluorescent lights,Percent,239,units,0,v92073206,25.1,54.0,,,,0
1998,2021,"Kingston, Ontario",2016S0503521,Fluorescent tubes,Percent,239,units,0,v92073207,25.2,26.0,E,,,0
1999,2021,"Kingston, Ontario",2016S0503521,Halogen lights,Percent,239,units,0,v92073208,25.3,,F,,,0
2000,2021,"Kingston, Ontario",2016S0503521,"Light emitting diode (LED) lights, excluding LED holiday lights",Percent,239,units,0,v92073209,25.8,49.0,,,,0
2001,2021,"Kingston, Ontario",2016S0503521,Light emitting diode (LED) holiday lights,Percent,239,units,0,v92073210,25.4,55.0,,,,0
2002,2021,"Kingston, Ontario",2016S0503521,At least one type of energy-saving light,Percent,239,units,0,v92073211,25.5,91.0,,,,0
2003,2021,"Kingston, Ontario",2016S0503521,"At least one type of energy-saving light, excluding light emitting diode (LED) holiday lights",Percent,239,units,0,v92073212,25.6,86.0,,,,0
2004,2021,"Kingston, Ontario",2016S0503521,No energy saving lights,Percent,239,units,0,v92073213,25.7,,F,,,0
2005,2021,"Belleville, Ontario",2016S0503522,Compact fluorescent lights,Percent,239,units,0,v1242113099,49.1,48.0,,,,0
2006,2021,"Belleville, Ontario",2016S0503522,Fluorescent tubes,Percent,239,units,0,v1242113100,49.2,,F,,,0
2007,2021,"Belleville, Ontario",2016S0503522,Halogen lights,Percent,239,units,0,v1242113101,49.3,,F,,,0
2008,2021,"Belleville, Ontario",2016S0503522,"Light emitting diode (LED) lights, excluding LED holiday lights",Percent,239,units,0,v1242113106,49.8,46.0,,,,0
2009,2021,"Belleville, Ontario",2016S0503522,Light emitting diode (LED) holiday lights,Percent,239,units,0,v1242113102,49.4,52.0,,,,0
2010,2021,"Belleville, Ontario",2016S0503522,At least one type of energy-saving light,Percent,239,units,0,v1242113103,49.5,90.0,,,,0
2011,2021,"Belleville, Ontario",2016S0503522,"At least one type of energy-saving light, excluding light emitting diode (LED) holiday lights",Percent,239,units,0,v1242113104,49.6,78.0,,,,0
2012,2021,"Belleville, Ontario",2016S0503522,No energy saving lights,Percent,239,units,0,v1242113105,49.7,,F,,,0
2013,2021,"Peterborough, Ontario",2016S0503529,Compact fluorescent lights,Percent,239,units,0,v92073214,26.1,40.0,,,,0
2014,2021,"Peterborough, Ontario",2016S0503529,Fluorescent tubes,Percent,239,units,0,v92073215,26.2,,F,,,0
2015,2021,"Peterborough, Ontario",2016S0503529,Halogen lights,Percent,239,units,0,v92073216,26.3,,F,,,0
2016,2021,"Peterborough, Ontario",2016S0503529,"Light emitting diode (LED) lights, excluding LED holiday lights",Percent,239,units,0,v92073217,26.8,49.0,,,,0
2017,2021,"Peterborough, Ontario",2016S0503529,Light emitting diode (LED) holiday lights,Percent,239,units,0,v92073218,26.4,50.0,,,,0
2018,2021,"Peterborough, Ontario",2016S0503529,At least one type of energy-saving light,Percent,239,units,0,v92073219,26.5,92.0,,,,0
2019,2021,"Peterborough, Ontario",2016S0503529,"At least one type of energy-saving light, excluding light emitting diode (LED) holiday lights",Percent,239,units,0,v92073220,26.6,87.0,,,,0
2020,2021,"Peterborough, Ontario",2016S0503529,No energy saving lights,Percent,239,units,0,v92073221,26.7,,F,,,0
2021,2021,"Oshawa, Ontario",2016S0503532,Compact fluorescent lights,Percent,239,units,0,v92073222,27.1,35.0,,,,0
2022,2021,"Oshawa, Ontario",2016S0503532,Fluorescent tubes,Percent,239,units,0,v92073223,27.2,17.0,E,,,0
2023,2021,"Oshawa, Ontario",2016S0503532,Halogen lights,Percent,239,units,0,v92073224,27.3,14.0,E,,,0
2024,2021,"Oshawa, Ontario",2016S0503532,"Light emitting diode (LED) lights, excluding LED holiday lights",Percent,239,units,0,v92073225,27.8,57.0,,,,0
2025,2021,"Oshawa, Ontario",2016S0503532,Light emitting diode (LED) holiday lights,Percent,239,units,0,v92073226,27.4,45.0,,,,0
2026,2021,"Oshawa, Ontario",2016S0503532,At least one type of energy-saving light,Percent,239,units,0,v92073227,27.5,89.0,,,,0
2027,2021,"Oshawa, Ontario",2016S0503532,"At least one type of energy-saving light, excluding light emitting diode (LED) holiday lights",Percent,239,units,0,v92073228,27.6,82.0,,,,0
2028,2021,"Oshawa, Ontario",2016S0503532,No energy saving lights,Percent,239,units,0,v92073229,27.7,,F,,,0
2029,2021,"Toronto, Ontario",2016S0503535,Compact fluorescent lights,Percent,239,units,0,v92073230,28.1,37.0,,,,0
2030,2021,"Toronto, Ontario",2016S0503535,Fluorescent tubes,Percent,239,units,0,v92073231,28.2,17.0,,,,0
2031,2021,"Toronto, Ontario",2016S0503535,Halogen lights,Percent,239,units,0,v92073232,28.3,15.0,,,,0
2032,2021,"Toronto, Ontario",2016S0503535,"Light emitting diode (LED) lights, excluding LED holiday lights",Percent,239,units,0,v92073233,28.8,51.0,,,,0
2033,2021,"Toronto, Ontario",2016S0503535,Light emitting diode (LED) holiday lights,Percent,239,units,0,v92073234,28.4,34.0,,,,0
2034,2021,"Toronto, Ontario",2016S0503535,At least one type of energy-saving light,Percent,239,units,0,v92073235,28.5,87.0,,,,0
2035,2021,"Toronto, Ontario",2016S0503535,"At least one type of energy-saving light, excluding light emitting diode (LED) holiday lights",Percent,239,units,0,v92073236,28.6,79.0,,,,0
2036,2021,"Toronto, Ontario",2016S0503535,No energy saving lights,Percent,239,units,0,v92073237,28.7,12.0,,,,0
2037,2021,"Hamilton, Ontario",2016S0503537,Compact fluorescent lights,Percent,239,units,0,v92073238,29.1,44.0,,,,0
2038,2021,"Hamilton, Ontario",2016S0503537,Fluorescent tubes,Percent,239,units,0,v92073239,29.2,23.0,,,,0
2039,2021,"Hamilton, Ontario",2016S0503537,Halogen lights,Percent,239,units,0,v92073240,29.3,19.0,,,,0
2040,2021,"Hamilton, Ontario",2016S0503537,"Light emitting diode (LED) lights, excluding LED holiday lights",Percent,239,units,0,v92073241,29.8,55.0,,,,0
2041,2021,"Hamilton, Ontario",2016S0503537,Light emitting diode (LED) holiday lights,Percent,239,units,0,v92073242,29.4,46.0,,,,0
2042,2021,"Hamilton, Ontario",2016S0503537,At least one type of energy-saving light,Percent,239,units,0,v92073243,29.5,93.0,,,,0
2043,2021,"Hamilton, Ontario",2016S0503537,"At least one type of energy-saving light, excluding light emitting diode (LED) holiday lights",Percent,239,units,0,v92073244,29.6,86.0,,,,0
2044,2021,"Hamilton, Ontario",2016S0503537,No energy saving lights,Percent,239,units,0,v92073245,29.7,7.0,E,,,0
2045,2021,"St. Catharines-Niagara, Ontario",2016S0503539,Compact fluorescent lights,Percent,239,units,0,v92073246,30.1,46.0,,,,0
2046,2021,"St. Catharines-Niagara, Ontario",2016S0503539,Fluorescent tubes,Percent,239,units,0,v92073247,30.2,24.0,,,,0
2047,2021,"St. Catharines-Niagara, Ontario",2016S0503539,Halogen lights,Percent,239,units,0,v92073248,30.3,16.0,E,,,0
2048,2021,"St. Catharines-Niagara, Ontario",2016S0503539,"Light emitting diode (LED) lights, excluding LED holiday lights",Percent,239,units,0,v92073249,30.8,47.0,,,,0
2049,2021,"St. Catharines-Niagara, Ontario",2016S0503539,Light emitting diode (LED) holiday lights,Percent,239,units,0,v92073250,30.4,43.0,,,,0
2050,2021,"St. Catharines-Niagara, Ontario",2016S0503539,At least one type of energy-saving light,Percent,239,units,0,v92073251,30.5,85.0,,,,0
2051,2021,"St. Catharines-Niagara, Ontario",2016S0503539,"At least one type of energy-saving light, excluding light emitting diode (LED) holiday lights",Percent,239,units,0,v92073252,30.6,80.0,,,,0
2052,2021,"St. Catharines-Niagara, Ontario",2016S0503539,No energy saving lights,Percent,239,units,0,v92073253,30.7,,F,,,0
2053,2021,"Kitchener-Cambridge-Waterloo, Ontario",2016S0503541,Compact fluorescent lights,Percent,239,units,0,v92073254,31.1,43.0,,,,0
2054,2021,"Kitchener-Cambridge-Waterloo, Ontario",2016S0503541,Fluorescent tubes,Percent,239,units,0,v92073255,31.2,17.0,,,,0
2055,2021,"Kitchener-Cambridge-Waterloo, Ontario",2016S0503541,Halogen lights,Percent,239,units,0,v92073256,31.3,16.0,,,,0
2056,2021,"Kitchener-Cambridge-Waterloo, Ontario",2016S0503541,"Light emitting diode (LED) lights, excluding LED holiday lights",Percent,239,units,0,v92073257,31.8,50.0,,,,0
2057,2021,"Kitchener-Cambridge-Waterloo, Ontario",2016S0503541,Light emitting diode (LED) holiday lights,Percent,239,units,0,v92073258,31.4,41.0,,,,0
2058,2021,"Kitchener-Cambridge-Waterloo, Ontario",2016S0503541,At least one type of energy-saving light,Percent,239,units,0,v92073259,31.5,90.0,,,,0
2059,2021,"Kitchener-Cambridge-Waterloo, Ontario",2016S0503541,"At least one type of energy-saving light, excluding light emitting diode (LED) holiday lights",Percent,239,units,0,v92073260,31.6,83.0,,,,0
2060,2021,"Kitchener-Cambridge-Waterloo, Ontario",2016S0503541,No energy saving lights,Percent,239,units,0,v92073261,31.7,10.0,E,,,0
2061,2021,"Brantford, Ontario",2016S0503543,Compact fluorescent lights,Percent,239,units,0,v92073262,32.1,37.0,,,,0
2062,2021,"Brantford, Ontario",2016S0503543,Fluorescent tubes,Percent,239,units,0,v92073263,32.2,,F,,,0
2063,2021,"Brantford, Ontario",2016S0503543,Halogen lights,Percent,239,units,0,v92073264,32.3,,F,,,0
2064,2021,"Brantford, Ontario",2016S0503543,"Light emitting diode (LED) lights, excluding LED holiday lights",Percent,239,units,0,v92073265,32.8,55.0,,,,0
2065,2021,"Brantford, Ontario",2016S0503543,Light emitting diode (LED) holiday lights,Percent,239,units,0,v92073266,32.4,50.0,,,,0
2066,2021,"Brantford, Ontario",2016S0503543,At least one type of energy-saving light,Percent,239,units,0,v92073267,32.5,86.0,,,,0
2067,2021,"Brantford, Ontario",2016S0503543,"At least one type of energy-saving light, excluding light emitting diode (LED) holiday lights",Percent,239,units,0,v92073268,32.6,81.0,,,,0
2068,2021,"Brantford, Ontario",2016S0503543,No energy saving lights,Percent,239,units,0,v92073269,32.7,,F,,,0
2069,2021,"Guelph, Ontario",2016S0503550,Compact fluorescent lights,Percent,239,units,0,v92073270,33.1,39.0,,,,0
2070,2021,"Guelph, Ontario",2016S0503550,Fluorescent tubes,Percent,239,units,0,v92073271,33.2,,F,,,0
2071,2021,"Guelph, Ontario",2016S0503550,Halogen lights,Percent,239,units,0,v92073272,33.3,,F,,,0
2072,2021,"Guelph, Ontario",2016S0503550,"Light emitting diode (LED) lights, excluding LED holiday lights",Percent,239,units,0,v92073273,33.8,57.0,,,,0
2073,2021,"Guelph, Ontario",2016S0503550,Light emitting diode (LED) holiday lights,Percent,239,units,0,v92073274,33.4,39.0,,,,0
2074,2021,"Guelph, Ontario",2016S0503550,At least one type of energy-saving light,Percent,239,units,0,v92073275,33.5,89.0,,,,0
2075,2021,"Guelph, Ontario",2016S0503550,"At least one type of energy-saving light, excluding light emitting diode (LED) holiday lights",Percent,239,units,0,v92073276,33.6,83.0,,,,0
2076,2021,"Guelph, Ontario",2016S0503550,No energy saving lights,Percent,239,units,0,v92073277,33.7,,F,,,0
2077,2021,"London, Ontario",2016S0503555,Compact fluorescent lights,Percent,239,units,0,v92073278,34.1,41.0,,,,0
2078,2021,"London, Ontario",2016S0503555,Fluorescent tubes,Percent,239,units,0,v92073279,34.2,24.0,,,,0
2079,2021,"London, Ontario",2016S0503555,Halogen lights,Percent,239,units,0,v92073280,34.3,15.0,,,,0
2080,2021,"London, Ontario",2016S0503555,"Light emitting diode (LED) lights, excluding LED holiday lights",Percent,239,units,0,v92073281,34.8,55.0,,,,0
2081,2021,"London, Ontario",2016S0503555,Light emitting diode (LED) holiday lights,Percent,239,units,0,v92073282,34.4,40.0,,,,0
2082,2021,"London, Ontario",2016S0503555,At least one type of energy-saving light,Percent,239,units,0,v92073283,34.5,90.0,,,,0
2083,2021,"London, Ontario",2016S0503555,"At least one type of energy-saving light, excluding light emitting diode (LED) holiday lights",Percent,239,units,0,v92073284,34.6,82.0,,,,0
2084,2021,"London, Ontario",2016S0503555,No energy saving lights,Percent,239,units,0,v92073285,34.7,10.0,E,,,0
2085,2021,"Windsor, Ontario",2016S0503559,Compact fluorescent lights,Percent,239,units,0,v92073286,35.1,40.0,,,,0
2086,2021,"Windsor, Ontario",2016S0503559,Fluorescent tubes,Percent,239,units,0,v92073287,35.2,20.0,E,,,0
2087,2021,"Windsor, Ontario",2016S0503559,Halogen lights,Percent,239,units,0,v92073288,35.3,,F,,,0
2088,2021,"Windsor, Ontario",2016S0503559,"Light emitting diode (LED) lights, excluding LED holiday lights",Percent,239,units,0,v92073289,35.8,45.0,,,,0
2089,2021,"Windsor, Ontario",2016S0503559,Light emitting diode (LED) holiday lights,Percent,239,units,0,v92073290,35.4,38.0,,,,0
2090,2021,"Windsor, Ontario",2016S0503559,At least one type of energy-saving light,Percent,239,units,0,v92073291,35.5,84.0,,,,0
2091,2021,"Windsor, Ontario",2016S0503559,"At least one type of energy-saving light, excluding light emitting diode (LED) holiday lights",Percent,239,units,0,v92073292,35.6,75.0,,,,0
2092,2021,"Windsor, Ontario",2016S0503559,No energy saving lights,Percent,239,units,0,v92073293,35.7,,F,,,0
2093,2021,"Barrie, Ontario",2016S0503568,Compact fluorescent lights,Percent,239,units,0,v92073294,36.1,29.0,E,,,0
2094,2021,"Barrie, Ontario",2016S0503568,Fluorescent tubes,Percent,239,units,0,v92073295,36.2,24.0,E,,,0
2095,2021,"Barrie, Ontario",2016S0503568,Halogen lights,Percent,239,units,0,v92073296,36.3,,F,,,0
2096,2021,"Barrie, Ontario",2016S0503568,"Light emitting diode (LED) lights, excluding LED holiday lights",Percent,239,units,0,v92073297,36.8,57.0,,,,0
2097,2021,"Barrie, Ontario",2016S0503568,Light emitting diode (LED) holiday lights,Percent,239,units,0,v92073298,36.4,36.0,,,,0
2098,2021,"Barrie, Ontario",2016S0503568,At least one type of energy-saving light,Percent,239,units,0,v92073299,36.5,86.0,,,,0
2099,2021,"Barrie, Ontario",2016S0503568,"At least one type of energy-saving light, excluding light emitting diode (LED) holiday lights",Percent,239,units,0,v92073300,36.6,82.0,,,,0
2100,2021,"Barrie, Ontario",2016S0503568,No energy saving lights,Percent,239,units,0,v92073301,36.7,,F,,,0
2101,2021,"Greater Sudbury, Ontario",2016S0503580,Compact fluorescent lights,Percent,239,units,0,v92073302,37.1,44.0,,,,0
2102,2021,"Greater Sudbury, Ontario",2016S0503580,Fluorescent tubes,Percent,239,units,0,v92073303,37.2,,F,,,0
2103,2021,"Greater Sudbury, Ontario",2016S0503580,Halogen lights,Percent,239,units,0,v92073304,37.3,,F,,,0
2104,2021,"Greater Sudbury, Ontario",2016S0503580,"Light emitting diode (LED) lights, excluding LED holiday lights",Percent,239,units,0,v92073305,37.8,59.0,,,,0
2105,2021,"Greater Sudbury, Ontario",2016S0503580,Light emitting diode (LED) holiday lights,Percent,239,units,0,v92073306,37.4,42.0,,,,0
2106,2021,"Greater Sudbury, Ontario",2016S0503580,At least one type of energy-saving light,Percent,239,units,0,v92073307,37.5,83.0,,,,0
2107,2021,"Greater Sudbury, Ontario",2016S0503580,"At least one type of energy-saving light, excluding light emitting diode (LED) holiday lights",Percent,239,units,0,v92073308,37.6,81.0,,,,0
2108,2021,"Greater Sudbury, Ontario",2016S0503580,No energy saving lights,Percent,239,units,0,v92073309,37.7,,F,,,0
2109,2021,"Thunder Bay, Ontario",2016S0503595,Compact fluorescent lights,Percent,239,units,0,v92073310,38.1,50.0,,,,0
2110,2021,"Thunder Bay, Ontario",2016S0503595,Fluorescent tubes,Percent,239,units,0,v92073311,38.2,,F,,,0
2111,2021,"Thunder Bay, Ontario",2016S0503595,Halogen lights,Percent,239,units,0,v92073312,38.3,,F,,,0
2112,2021,"Thunder Bay, Ontario",2016S0503595,"Light emitting diode (LED) lights, excluding LED holiday lights",Percent,239,units,0,v92073313,38.8,51.0,,,,0
2113,2021,"Thunder Bay, Ontario",2016S0503595,Light emitting diode (LED) holiday lights,Percent,239,units,0,v92073314,38.4,41.0,,,,0
2114,2021,"Thunder Bay, Ontario",2016S0503595,At least one type of energy-saving light,Percent,239,units,0,v92073315,38.5,84.0,,,,0
2115,2021,"Thunder Bay, Ontario",2016S0503595,"At least one type of energy-saving light, excluding light emitting diode (LED) holiday lights",Percent,239,units,0,v92073316,38.6,79.0,,,,0
2116,2021,"Thunder Bay, Ontario",2016S0503595,No energy saving lights,Percent,239,units,0,v92073317,38.7,,F,,,0
2117,2021,"Winnipeg, Manitoba",2016S0503602,Compact fluorescent lights,Percent,239,units,0,v92073318,39.1,39.0,,,,0
2118,2021,"Winnipeg, Manitoba",2016S0503602,Fluorescent tubes,Percent,239,units,0,v92073319,39.2,29.0,,,,0
2119,2021,"Winnipeg, Manitoba",2016S0503602,Halogen lights,Percent,239,units,0,v92073320,39.3,16.0,,,,0
2120,2021,"Winnipeg, Manitoba",2016S0503602,"Light emitting diode (LED) lights, excluding LED holiday lights",Percent,239,units,0,v92073321,39.8,51.0,,,,0
2121,2021,"Winnipeg, Manitoba",2016S0503602,Light emitting diode (LED) holiday lights,Percent,239,units,0,v92073322,39.4,38.0,,,,0
2122,2021,"Winnipeg, Manitoba",2016S0503602,At least one type of energy-saving light,Percent,239,units,0,v92073323,39.5,89.0,,,,0
2123,2021,"Winnipeg, Manitoba",2016S0503602,"At least one type of energy-saving light, excluding light emitting diode (LED) holiday lights",Percent,239,units,0,v92073324,39.6,82.0,,,,0
2124,2021,"Winnipeg, Manitoba",2016S0503602,No energy saving lights,Percent,239,units,0,v92073325,39.7,10.0,,,,0
2125,2021,"Regina, Saskatchewan",2016S0503705,Compact fluorescent lights,Percent,239,units,0,v92073326,40.1,32.0,,,,0
2126,2021,"Regina, Saskatchewan",2016S0503705,Fluorescent tubes,Percent,239,units,0,v92073327,40.2,18.0,E,,,0
2127,2021,"Regina, Saskatchewan",2016S0503705,Halogen lights,Percent,239,units,0,v92073328,40.3,15.0,E,,,0
2128,2021,"Regina, Saskatchewan",2016S0503705,"Light emitting diode (LED) lights, excluding LED holiday lights",Percent,239,units,0,v92073329,40.8,57.0,,,,0
2129,2021,"Regina, Saskatchewan",2016S0503705,Light emitting diode (LED) holiday lights,Percent,239,units,0,v92073330,40.4,37.0,,,,0
2130,2021,"Regina, Saskatchewan",2016S0503705,At least one type of energy-saving light,Percent,239,units,0,v92073331,40.5,87.0,,,,0
2131,2021,"Regina, Saskatchewan",2016S0503705,"At least one type of energy-saving light, excluding light emitting diode (LED) holiday lights",Percent,239,units,0,v92073332,40.6,80.0,,,,0
2132,2021,"Regina, Saskatchewan",2016S0503705,No energy saving lights,Percent,239,units,0,v92073333,40.7,12.0,E,,,0
2133,2021,"Saskatoon, Saskatchewan",2016S0503725,Compact fluorescent lights,Percent,239,units,0,v92073334,41.1,33.0,,,,0
2134,2021,"Saskatoon, Saskatchewan",2016S0503725,Fluorescent tubes,Percent,239,units,0,v92073335,41.2,22.0,,,,0
2135,2021,"Saskatoon, Saskatchewan",2016S0503725,Halogen lights,Percent,239,units,0,v92073336,41.3,12.0,E,,,0
2136,2021,"Saskatoon, Saskatchewan",2016S0503725,"Light emitting diode (LED) lights, excluding LED holiday lights",Percent,239,units,0,v92073337,41.8,55.0,,,,0
2137,2021,"Saskatoon, Saskatchewan",2016S0503725,Light emitting diode (LED) holiday lights,Percent,239,units,0,v92073338,41.4,35.0,,,,0
2138,2021,"Saskatoon, Saskatchewan",2016S0503725,At least one type of energy-saving light,Percent,239,units,0,v92073339,41.5,84.0,,,,0
2139,2021,"Saskatoon, Saskatchewan",2016S0503725,"At least one type of energy-saving light, excluding light emitting diode (LED) holiday lights",Percent,239,units,0,v92073340,41.6,78.0,,,,0
2140,2021,"Saskatoon, Saskatchewan",2016S0503725,No energy saving lights,Percent,239,units,0,v92073341,41.7,16.0,,,,0
2141,2021,"Lethbridge, Alberta",2016S0503810,Compact fluorescent lights,Percent,239,units,0,v1242113107,50.1,39.0,E,,,0
2142,2021,"Lethbridge, Alberta",2016S0503810,Fluorescent tubes,Percent,239,units,0,v1242113108,50.2,,F,,,0
2143,2021,"Lethbridge, Alberta",2016S0503810,Halogen lights,Percent,239,units,0,v1242113109,50.3,,F,,,0
2144,2021,"Lethbridge, Alberta",2016S0503810,"Light emitting diode (LED) lights, excluding LED holiday lights",Percent,239,units,0,v1242113114,50.8,62.0,,,,0
2145,2021,"Lethbridge, Alberta",2016S0503810,Light emitting diode (LED) holiday lights,Percent,239,units,0,v1242113110,50.4,,F,,,0
2146,2021,"Lethbridge, Alberta",2016S0503810,At least one type of energy-saving light,Percent,239,units,0,v1242113111,50.5,93.0,,,,0
2147,2021,"Lethbridge, Alberta",2016S0503810,"At least one type of energy-saving light, excluding light emitting diode (LED) holiday lights",Percent,239,units,0,v1242113112,50.6,86.0,,,,0
2148,2021,"Lethbridge, Alberta",2016S0503810,No energy saving lights,Percent,239,units,0,v1242113113,50.7,,F,,,0
2149,2021,"Calgary, Alberta",2016S0503825,Compact fluorescent lights,Percent,239,units,0,v92073342,42.1,35.0,,,,0
2150,2021,"Calgary, Alberta",2016S0503825,Fluorescent tubes,Percent,239,units,0,v92073343,42.2,15.0,,,,0
2151,2021,"Calgary, Alberta",2016S0503825,Halogen lights,Percent,239,units,0,v92073344,42.3,14.0,,,,0
2152,2021,"Calgary, Alberta",2016S0503825,"Light emitting diode (LED) lights, excluding LED holiday lights",Percent,239,units,0,v92073345,42.8,55.0,,,,0
2153,2021,"Calgary, Alberta",2016S0503825,Light emitting diode (LED) holiday lights,Percent,239,units,0,v92073346,42.4,37.0,,,,0
2154,2021,"Calgary, Alberta",2016S0503825,At least one type of energy-saving light,Percent,239,units,0,v92073347,42.5,86.0,,,,0
2155,2021,"Calgary, Alberta",2016S0503825,"At least one type of energy-saving light, excluding light emitting diode (LED) holiday lights",Percent,239,units,0,v92073348,42.6,77.0,,,,0
2156,2021,"Calgary, Alberta",2016S0503825,No energy saving lights,Percent,239,units,0,v92073349,42.7,14.0,,,,0
2157,2021,"Edmonton, Alberta",2016S0503835,Compact fluorescent lights,Percent,239,units,0,v92073350,43.1,39.0,,,,0
2158,2021,"Edmonton, Alberta",2016S0503835,Fluorescent tubes,Percent,239,units,0,v92073351,43.2,21.0,,,,0
2159,2021,"Edmonton, Alberta",2016S0503835,Halogen lights,Percent,239,units,0,v92073352,43.3,14.0,,,,0
2160,2021,"Edmonton, Alberta",2016S0503835,"Light emitting diode (LED) lights, excluding LED holiday lights",Percent,239,units,0,v92073353,43.8,56.0,,,,0
2161,2021,"Edmonton, Alberta",2016S0503835,Light emitting diode (LED) holiday lights,Percent,239,units,0,v92073354,43.4,37.0,,,,0
2162,2021,"Edmonton, Alberta",2016S0503835,At least one type of energy-saving light,Percent,239,units,0,v92073355,43.5,87.0,,,,0
2163,2021,"Edmonton, Alberta",2016S0503835,"At least one type of energy-saving light, excluding light emitting diode (LED) holiday lights",Percent,239,units,0,v92073356,43.6,82.0,,,,0
2164,2021,"Edmonton, Alberta",2016S0503835,No energy saving lights,Percent,239,units,0,v92073357,43.7,13.0,,,,0
2165,2021,"Kelowna, British Columbia",2016S0503915,Compact fluorescent lights,Percent,239,units,0,v92073358,44.1,43.0,,,,0
2166,2021,"Kelowna, British Columbia",2016S0503915,Fluorescent tubes,Percent,239,units,0,v92073359,44.2,25.0,E,,,0
2167,2021,"Kelowna, British Columbia",2016S0503915,Halogen lights,Percent,239,units,0,v92073360,44.3,,F,,,0
2168,2021,"Kelowna, British Columbia",2016S0503915,"Light emitting diode (LED) lights, excluding LED holiday lights",Percent,239,units,0,v92073361,44.8,57.0,,,,0
2169,2021,"Kelowna, British Columbia",2016S0503915,Light emitting diode (LED) holiday lights,Percent,239,units,0,v92073362,44.4,48.0,,,,0
2170,2021,"Kelowna, British Columbia",2016S0503915,At least one type of energy-saving light,Percent,239,units,0,v92073363,44.5,88.0,,,,0
2171,2021,"Kelowna, British Columbia",2016S0503915,"At least one type of energy-saving light, excluding light emitting diode (LED) holiday lights",Percent,239,units,0,v92073364,44.6,83.0,,,,0
2172,2021,"Kelowna, British Columbia",2016S0503915,No energy saving lights,Percent,239,units,0,v92073365,44.7,,F,,,0
2173,2021,"Abbotsford-Mission, British Columbia",2016S0503932,Compact fluorescent lights,Percent,239,units,0,v92073366,45.1,38.0,E,,,0
2174,2021,"Abbotsford-Mission, British Columbia",2016S0503932,Fluorescent tubes,Percent,239,units,0,v92073367,45.2,,F,,,0
2175,2021,"Abbotsford-Mission, British Columbia",2016S0503932,Halogen lights,Percent,239,units,0,v92073368,45.3,,F,,,0
2176,2021,"Abbotsford-Mission, British Columbia",2016S0503932,"Light emitting diode (LED) lights, excluding LED holiday lights",Percent,239,units,0,v92073369,45.8,48.0,,,,0
2177,2021,"Abbotsford-Mission, British Columbia",2016S0503932,Light emitting diode (LED) holiday lights,Percent,239,units,0,v92073370,45.4,49.0,,,,0
2178,2021,"Abbotsford-Mission, British Columbia",2016S0503932,At least one type of energy-saving light,Percent,239,units,0,v92073371,45.5,90.0,,,,0
2179,2021,"Abbotsford-Mission, British Columbia",2016S0503932,"At least one type of energy-saving light, excluding light emitting diode (LED) holiday lights",Percent,239,units,0,v92073372,45.6,83.0,,,,0
2180,2021,"Abbotsford-Mission, British Columbia",2016S0503932,No energy saving lights,Percent,239,units,0,v92073373,45.7,,F,,,0
2181,2021,"Vancouver, British Columbia",2016S0503933,Compact fluorescent lights,Percent,239,units,0,v92073374,46.1,37.0,,,,0
2182,2021,"Vancouver, British Columbia",2016S0503933,Fluorescent tubes,Percent,239,units,0,v92073375,46.2,17.0,,,,0
2183,2021,"Vancouver, British Columbia",2016S0503933,Halogen lights,Percent,239,units,0,v92073376,46.3,16.0,,,,0
2184,2021,"Vancouver, British Columbia",2016S0503933,"Light emitting diode (LED) lights, excluding LED holiday lights",Percent,239,units,0,v92073377,46.8,52.0,,,,0
2185,2021,"Vancouver, British Columbia",2016S0503933,Light emitting diode (LED) holiday lights,Percent,239,units,0,v92073378,46.4,38.0,,,,0
2186,2021,"Vancouver, British Columbia",2016S0503933,At least one type of energy-saving light,Percent,239,units,0,v92073379,46.5,89.0,,,,0
2187,2021,"Vancouver, British Columbia",2016S0503933,"At least one type of energy-saving light, excluding light emitting diode (LED) holiday lights",Percent,239,units,0,v92073380,46.6,81.0,,,,0
2188,2021,"Vancouver, British Columbia",2016S0503933,No energy saving lights,Percent,239,units,0,v92073381,46.7,11.0,,,,0
2189,2021,"Victoria, British Columbia",2016S0503935,Compact fluorescent lights,Percent,239,units,0,v92073382,47.1,41.0,,,,0
2190,2021,"Victoria, British Columbia",2016S0503935,Fluorescent tubes,Percent,239,units,0,v92073383,47.2,14.0,E,,,0
2191,2021,"Victoria, British Columbia",2016S0503935,Halogen lights,Percent,239,units,0,v92073384,47.3,19.0,,,,0
2192,2021,"Victoria, British Columbia",2016S0503935,"Light emitting diode (LED) lights, excluding LED holiday lights",Percent,239,units,0,v92073385,47.8,54.0,,,,0
2193,2021,"Victoria, British Columbia",2016S0503935,Light emitting diode (LED) holiday lights,Percent,239,units,0,v92073386,47.4,43.0,,,,0
2194,2021,"Victoria, British Columbia",2016S0503935,At least one type of energy-saving light,Percent,239,units,0,v92073387,47.5,90.0,,,,0
2195,2021,"Victoria, British Columbia",2016S0503935,"At least one type of energy-saving light, excluding light emitting diode (LED) holiday lights",Percent,239,units,0,v92073388,47.6,84.0,,,,0
2196,2021,"Victoria, British Columbia",2016S0503935,No energy saving lights,Percent,239,units,0,v92073389,47.7,,F,,,0
2197,2021,Non-census metropolitan areas,,Compact fluorescent lights,Percent,239,units,0,v92073390,48.1,37.0,,,,0
2198,2021,Non-census metropolitan areas,,Fluorescent tubes,Percent,239,units,0,v92073391,48.2,20.0,,,,0
2199,2021,Non-census metropolitan areas,,Halogen lights,Percent,239,units,0,v92073392,48.3,15.0,,,,0
2200,2021,Non-census metropolitan areas,,"Light emitting diode (LED) lights, excluding LED holiday lights",Percent,239,units,0,v92073393,48.8,56.0,,,,0
2201,2021,Non-census metropolitan areas,,Light emitting diode (LED) holiday lights,Percent,239,units,0,v92073394,48.4,36.0,,,,0
2202,2021,Non-census metropolitan areas,,At least one type of energy-saving light,Percent,239,units,0,v92073395,48.5,87.0,,,,0
2203,2021,Non-census metropolitan areas,,"At least one type of energy-saving light, excluding light emitting diode (LED) holiday lights",Percent,239,units,0,v92073396,48.6,82.0,,,,0
2204,2021,Non-census metropolitan areas,,No energy saving lights,Percent,239,units,0,v92073397,48.7,12.0,,,,0
2205,2023,Canada,2021A000011124,Compact fluorescent lights,Percent,239,units,0,v44185211,1.1,30.0,,,,0
2206,2023,Canada,2021A000011124,Fluorescent tubes,Percent,239,units,0,v44185212,1.2,14.0,,,,0
2207,2023,Canada,2021A000011124,Halogen lights,Percent,239,units,0,v44185213,1.3,13.0,,,,0
2208,2023,Canada,2021A000011124,"Light emitting diode (LED) lights, excluding LED holiday lights",Percent,239,units,0,v53599722,1.8,48.0,,,,0
2209,2023,Canada,2021A000011124,Light emitting diode (LED) holiday lights,Percent,239,units,0,v44185214,1.4,32.0,,,,0
2210,2023,Canada,2021A000011124,At least one type of energy-saving light,Percent,239,units,0,v44185215,1.5,84.0,,,,0
2211,2023,Canada,2021A000011124,"At least one type of energy-saving light, excluding light emitting diode (LED) holiday lights",Percent,239,units,0,v44185216,1.6,75.0,,,,0
2212,2023,Canada,2021A000011124,No energy saving lights,Percent,239,units,0,v44185217,1.7,15.0,,,,0
2213,2023,Newfoundland and Labrador,2021A000210,Compact fluorescent lights,Percent,239,units,0,v44185218,2.1,24.0,,,,0
2214,2023,Newfoundland and Labrador,2021A000210,Fluorescent tubes,Percent,239,units,0,v44185219,2.2,7.0,,,,0
2215,2023,Newfoundland and Labrador,2021A000210,Halogen lights,Percent,239,units,0,v44185220,2.3,7.0,,,,0
2216,2023,Newfoundland and Labrador,2021A000210,"Light emitting diode (LED) lights, excluding LED holiday lights",Percent,239,units,0,v53599723,2.8,50.0,,,,0
2217,2023,Newfoundland and Labrador,2021A000210,Light emitting diode (LED) holiday lights,Percent,239,units,0,v44185221,2.4,38.0,,,,0
2218,2023,Newfoundland and Labrador,2021A000210,At least one type of energy-saving light,Percent,239,units,0,v44185222,2.5,79.0,,,,0
2219,2023,Newfoundland and Labrador,2021A000210,"At least one type of energy-saving light, excluding light emitting diode (LED) holiday lights",Percent,239,units,0,v44185223,2.6,69.0,,,,0
2220,2023,Newfoundland and Labrador,2021A000210,No energy saving lights,Percent,239,units,0,v44185224,2.7,21.0,,,,0
2221,2023,Prince Edward Island,2021A000211,Compact fluorescent lights,Percent,239,units,0,v44185225,3.1,32.0,,,,0
2222,2023,Prince Edward Island,2021A000211,Fluorescent tubes,Percent,239,units,0,v44185226,3.2,13.0,,,,0
2223,2023,Prince Edward Island,2021A000211,Halogen lights,Percent,239,units,0,v44185227,3.3,7.0,,,,0
2224,2023,Prince Edward Island,2021A000211,"Light emitting diode (LED) lights, excluding LED holiday lights",Percent,239,units,0,v53599724,3.8,49.0,,,,0
2225,2023,Prince Edward Island,2021A000211,Light emitting diode (LED) holiday lights,Percent,239,units,0,v44185228,3.4,39.0,,,,0
2226,2023,Prince Edward Island,2021A000211,At least one type of energy-saving light,Percent,239,units,0,v44185229,3.5,85.0,,,,0
2227,2023,Prince Edward Island,2021A000211,"At least one type of energy-saving light, excluding light emitting diode (LED) holiday lights",Percent,239,units,0,v44185230,3.6,73.0,,,,0
2228,2023,Prince Edward Island,2021A000211,No energy saving lights,Percent,239,units,0,v44185231,3.7,15.0,,,,0
2229,2023,Nova Scotia,2021A000212,Compact fluorescent lights,Percent,239,units,0,v44185232,4.1,36.0,,,,0
2230,2023,Nova Scotia,2021A000212,Fluorescent tubes,Percent,239,units,0,v44185233,4.2,16.0,,,,0
2231,2023,Nova Scotia,2021A000212,Halogen lights,Percent,239,units,0,v44185234,4.3,9.0,,,,0
2232,2023,Nova Scotia,2021A000212,"Light emitting diode (LED) lights, excluding LED holiday lights",Percent,239,units,0,v53599725,4.8,46.0,,,,0
2233,2023,Nova Scotia,2021A000212,Light emitting diode (LED) holiday lights,Percent,239,units,0,v44185235,4.4,40.0,,,,0
2234,2023,Nova Scotia,2021A000212,At least one type of energy-saving light,Percent,239,units,0,v44185236,4.5,85.0,,,,0
2235,2023,Nova Scotia,2021A000212,"At least one type of energy-saving light, excluding light emitting diode (LED) holiday lights",Percent,239,units,0,v44185237,4.6,75.0,,,,0
2236,2023,Nova Scotia,2021A000212,No energy saving lights,Percent,239,units,0,v44185238,4.7,15.0,,,,0
2237,2023,New Brunswick,2021A000213,Compact fluorescent lights,Percent,239,units,0,v44185239,5.1,27.0,,,,0
2238,2023,New Brunswick,2021A000213,Fluorescent tubes,Percent,239,units,0,v44185240,5.2,10.0,,,,0
2239,2023,New Brunswick,2021A000213,Halogen lights,Percent,239,units,0,v44185241,5.3,8.0,,,,0
2240,2023,New Brunswick,2021A000213,"Light emitting diode (LED) lights, excluding LED holiday lights",Percent,239,units,0,v53599726,5.8,46.0,,,,0
2241,2023,New Brunswick,2021A000213,Light emitting diode (LED) holiday lights,Percent,239,units,0,v44185242,5.4,29.0,,,,0
2242,2023,New Brunswick,2021A000213,At least one type of energy-saving light,Percent,239,units,0,v44185243,5.5,82.0,,,,0
2243,2023,New Brunswick,2021A000213,"At least one type of energy-saving light, excluding light emitting diode (LED) holiday lights",Percent,239,units,0,v44185244,5.6,71.0,,,,0
2244,2023,New Brunswick,2021A000213,No energy saving lights,Percent,239,units,0,v44185245,5.7,17.0,,,,0
2245,2023,Quebec,2021A000224,Compact fluorescent lights,Percent,239,units,0,v44185246,6.1,26.0,,,,0
2246,2023,Quebec,2021A000224,Fluorescent tubes,Percent,239,units,0,v44185247,6.2,10.0,,,,0
2247,2023,Quebec,2021A000224,Halogen lights,Percent,239,units,0,v44185248,6.3,17.0,,,,0
2248,2023,Quebec,2021A000224,"Light emitting diode (LED) lights, excluding LED holiday lights",Percent,239,units,0,v53599727,6.8,49.0,,,,0
2249,2023,Quebec,2021A000224,Light emitting diode (LED) holiday lights,Percent,239,units,0,v44185249,6.4,21.0,,,,0
2250,2023,Quebec,2021A000224,At least one type of energy-saving light,Percent,239,units,0,v44185250,6.5,82.0,,,,0
2251,2023,Quebec,2021A000224,"At least one type of energy-saving light, excluding light emitting diode (LED) holiday lights",Percent,239,units,0,v44185251,6.6,75.0,,,,0
2252,2023,Quebec,2021A000224,No energy saving lights,Percent,239,units,0,v44185252,6.7,18.0,,,,0
2253,2023,Ontario,2021A000235,Compact fluorescent lights,Percent,239,units,0,v44185253,7.1,32.0,,,,0
2254,2023,Ontario,2021A000235,Fluorescent tubes,Percent,239,units,0,v44185254,7.2,17.0,,,,0
2255,2023,Ontario,2021A000235,Halogen lights,Percent,239,units,0,v44185255,7.3,13.0,,,,0
2256,2023,Ontario,2021A000235,"Light emitting diode (LED) lights, excluding LED holiday lights",Percent,239,units,0,v53599728,7.8,46.0,,,,0
2257,2023,Ontario,2021A000235,Light emitting diode (LED) holiday lights,Percent,239,units,0,v44185256,7.4,34.0,,,,0
2258,2023,Ontario,2021A000235,At least one type of energy-saving light,Percent,239,units,0,v44185257,7.5,85.0,,,,0
2259,2023,Ontario,2021A000235,"At least one type of energy-saving light, excluding light emitting diode (LED) holiday lights",Percent,239,units,0,v44185258,7.6,75.0,,,,0
2260,2023,Ontario,2021A000235,No energy saving lights,Percent,239,units,0,v44185259,7.7,15.0,,,,0
2261,2023,Manitoba,2021A000246,Compact fluorescent lights,Percent,239,units,0,v44185260,8.1,32.0,,,,0
2262,2023,Manitoba,2021A000246,Fluorescent tubes,Percent,239,units,0,v44185261,8.2,24.0,,,,0
2263,2023,Manitoba,2021A000246,Halogen lights,Percent,239,units,0,v44185262,8.3,14.0,,,,0
2264,2023,Manitoba,2021A000246,"Light emitting diode (LED) lights, excluding LED holiday lights",Percent,239,units,0,v53599729,8.8,44.0,,,,0
2265,2023,Manitoba,2021A000246,Light emitting diode (LED) holiday lights,Percent,239,units,0,v44185263,8.4,33.0,,,,0
2266,2023,Manitoba,2021A000246,At least one type of energy-saving light,Percent,239,units,0,v44185264,8.5,85.0,,,,0
2267,2023,Manitoba,2021A000246,"At least one type of energy-saving light, excluding light emitting diode (LED) holiday lights",Percent,239,units,0,v44185265,8.6,77.0,,,,0
2268,2023,Manitoba,2021A000246,No energy saving lights,Percent,239,units,0,v44185266,8.7,14.0,,,,0
2269,2023,Saskatchewan,2021A000247,Compact fluorescent lights,Percent,239,units,0,v44185267,9.1,31.0,,,,0
2270,2023,Saskatchewan,2021A000247,Fluorescent tubes,Percent,239,units,0,v44185268,9.2,19.0,,,,0
2271,2023,Saskatchewan,2021A000247,Halogen lights,Percent,239,units,0,v44185269,9.3,9.0,,,,0
2272,2023,Saskatchewan,2021A000247,"Light emitting diode (LED) lights, excluding LED holiday lights",Percent,239,units,0,v53599730,9.8,49.0,,,,0
2273,2023,Saskatchewan,2021A000247,Light emitting diode (LED) holiday lights,Percent,239,units,0,v44185270,9.4,38.0,,,,0
2274,2023,Saskatchewan,2021A000247,At least one type of energy-saving light,Percent,239,units,0,v44185271,9.5,87.0,,,,0
2275,2023,Saskatchewan,2021A000247,"At least one type of energy-saving light, excluding light emitting diode (LED) holiday lights",Percent,239,units,0,v44185272,9.6,77.0,,,,0
2276,2023,Saskatchewan,2021A000247,No energy saving lights,Percent,239,units,0,v44185273,9.7,13.0,,,,0
2277,2023,Alberta,2021A000248,Compact fluorescent lights,Percent,239,units,0,v44185274,10.1,28.0,,,,0
2278,2023,Alberta,2021A000248,Fluorescent tubes,Percent,239,units,0,v44185275,10.2,13.0,,,,0
2279,2023,Alberta,2021A000248,Halogen lights,Percent,239,units,0,v44185276,10.3,11.0,,,,0
2280,2023,Alberta,2021A000248,"Light emitting diode (LED) lights, excluding LED holiday lights",Percent,239,units,0,v53599731,10.8,51.0,,,,0
2281,2023,Alberta,2021A000248,Light emitting diode (LED) holiday lights,Percent,239,units,0,v44185277,10.4,36.0,,,,0
2282,2023,Alberta,2021A000248,At least one type of energy-saving light,Percent,239,units,0,v44185278,10.5,87.0,,,,0
2283,2023,Alberta,2021A000248,"At least one type of energy-saving light, excluding light emitting diode (LED) holiday lights",Percent,239,units,0,v44185279,10.6,76.0,,,,0
2284,2023,Alberta,2021A000248,No energy saving lights,Percent,239,units,0,v44185280,10.7,13.0,,,,0
2285,2023,British Columbia,2021A000259,Compact fluorescent lights,Percent,239,units,0,v44185281,11.1,29.0,,,,0
2286,2023,British Columbia,2021A000259,Fluorescent tubes,Percent,239,units,0,v44185282,11.2,16.0,,,,0
2287,2023,British Columbia,2021A000259,Halogen lights,Percent,239,units,0,v44185283,11.3,14.0,,,,0
2288,2023,British Columbia,2021A000259,"Light emitting diode (LED) lights, excluding LED holiday lights",Percent,239,units,0,v53599732,11.8,51.0,,,,0
2289,2023,British Columbia,2021A000259,Light emitting diode (LED) holiday lights,Percent,239,units,0,v44185284,11.4,38.0,,,,0
2290,2023,British Columbia,2021A000259,At least one type of energy-saving light,Percent,239,units,0,v44185285,11.5,87.0,,,,0
2291,2023,British Columbia,2021A000259,"At least one type of energy-saving light, excluding light emitting diode (LED) holiday lights",Percent,239,units,0,v44185286,11.6,77.0,,,,0
2292,2023,British Columbia,2021A000259,No energy saving lights,Percent,239,units,0,v44185287,11.7,12.0,,,,0
2293,2023,Total census metropolitan areas,,Compact fluorescent lights,Percent,239,units,0,v92073102,12.1,30.0,,,,0
2294,2023,Total census metropolitan areas,,Fluorescent tubes,Percent,239,units,0,v92073103,12.2,14.0,,,,0
2295,2023,Total census metropolitan areas,,Halogen lights,Percent,239,units,0,v92073104,12.3,14.0,,,,0
2296,2023,Total census metropolitan areas,,"Light emitting diode (LED) lights, excluding LED holiday lights",Percent,239,units,0,v92073105,12.8,48.0,,,,0
2297,2023,Total census metropolitan areas,,Light emitting diode (LED) holiday lights,Percent,239,units,0,v92073106,12.4,32.0,,,,0
2298,2023,Total census metropolitan areas,,At least one type of energy-saving light,Percent,239,units,0,v92073107,12.5,84.0,,,,0
2299,2023,Total census metropolitan areas,,"At least one type of energy-saving light, excluding light emitting diode (LED) holiday lights",Percent,239,units,0,v92073108,12.6,75.0,,,,0
2300,2023,Total census metropolitan areas,,No energy saving lights,Percent,239,units,0,v92073109,12.7,16.0,,,,0
2301,2023,"St. John's, Newfoundland and Labrador",2016S05031,Compact fluorescent lights,Percent,239,units,0,v92073110,13.1,26.0,,,,0
2302,2023,"St. John's, Newfoundland and Labrador",2016S05031,Fluorescent tubes,Percent,239,units,0,v92073111,13.2,7.0,E,,,0
2303,2023,"St. John's, Newfoundland and Labrador",2016S05031,Halogen lights,Percent,239,units,0,v92073112,13.3,9.0,,,,0
2304,2023,"St. John's, Newfoundland and Labrador",2016S05031,"Light emitting diode (LED) lights, excluding LED holiday lights",Percent,239,units,0,v92073113,13.8,50.0,,,,0
2305,2023,"St. John's, Newfoundland and Labrador",2016S05031,Light emitting diode (LED) holiday lights,Percent,239,units,0,v92073114,13.4,38.0,,,,0
2306,2023,"St. John's, Newfoundland and Labrador",2016S05031,At least one type of energy-saving light,Percent,239,units,0,v92073115,13.5,79.0,,,,0
2307,2023,"St. John's, Newfoundland and Labrador",2016S05031,"At least one type of energy-saving light, excluding light emitting diode (LED) holiday lights",Percent,239,units,0,v92073116,13.6,70.0,,,,0
2308,2023,"St. John's, Newfoundland and Labrador",2016S05031,No energy saving lights,Percent,239,units,0,v92073117,13.7,21.0,,,,0
2309,2023,"Halifax, Nova Scotia",2016S0503205,Compact fluorescent lights,Percent,239,units,0,v92073118,14.1,37.0,,,,0
2310,2023,"Halifax, Nova Scotia",2016S0503205,Fluorescent tubes,Percent,239,units,0,v92073119,14.2,13.0,,,,0
2311,2023,"Halifax, Nova Scotia",2016S0503205,Halogen lights,Percent,239,units,0,v92073120,14.3,10.0,E,,,0
2312,2023,"Halifax, Nova Scotia",2016S0503205,"Light emitting diode (LED) lights, excluding LED holiday lights",Percent,239,units,0,v92073121,14.8,50.0,,,,0
2313,2023,"Halifax, Nova Scotia",2016S0503205,Light emitting diode (LED) holiday lights,Percent,239,units,0,v92073122,14.4,40.0,,,,0
2314,2023,"Halifax, Nova Scotia",2016S0503205,At least one type of energy-saving light,Percent,239,units,0,v92073123,14.5,84.0,,,,0
2315,2023,"Halifax, Nova Scotia",2016S0503205,"At least one type of energy-saving light, excluding light emitting diode (LED) holiday lights",Percent,239,units,0,v92073124,14.6,75.0,,,,0
2316,2023,"Halifax, Nova Scotia",2016S0503205,No energy saving lights,Percent,239,units,0,v92073125,14.7,15.0,,,,0
2317,2023,"Moncton, New Brunswick",2016S0503305,Compact fluorescent lights,Percent,239,units,0,v92073126,15.1,28.0,,,,0
2318,2023,"Moncton, New Brunswick",2016S0503305,Fluorescent tubes,Percent,239,units,0,v92073127,15.2,,F,,,0
2319,2023,"Moncton, New Brunswick",2016S0503305,Halogen lights,Percent,239,units,0,v92073128,15.3,,F,,,0
2320,2023,"Moncton, New Brunswick",2016S0503305,"Light emitting diode (LED) lights, excluding LED holiday lights",Percent,239,units,0,v92073129,15.8,37.0,,,,0
2321,2023,"Moncton, New Brunswick",2016S0503305,Light emitting diode (LED) holiday lights,Percent,239,units,0,v92073130,15.4,34.0,,,,0
2322,2023,"Moncton, New Brunswick",2016S0503305,At least one type of energy-saving light,Percent,239,units,0,v92073131,15.5,79.0,,,,0
2323,2023,"Moncton, New Brunswick",2016S0503305,"At least one type of energy-saving light, excluding light emitting diode (LED) holiday lights",Percent,239,units,0,v92073132,15.6,64.0,,,,0
2324,2023,"Moncton, New Brunswick",2016S0503305,No energy saving lights,Percent,239,units,0,v92073133,15.7,20.0,E,,,0
2325,2023,"Saint John, New Brunswick",2016S0503310,Compact fluorescent lights,Percent,239,units,0,v92073134,16.1,25.0,,,,0
2326,2023,"Saint John, New Brunswick",2016S0503310,Fluorescent tubes,Percent,239,units,0,v92073135,16.2,,F,,,0
2327,2023,"Saint John, New Brunswick",2016S0503310,Halogen lights,Percent,239,units,0,v92073136,16.3,,F,,,0
2328,2023,"Saint John, New Brunswick",2016S0503310,"Light emitting diode (LED) lights, excluding LED holiday lights",Percent,239,units,0,v92073137,16.8,50.0,,,,0
2329,2023,"Saint John, New Brunswick",2016S0503310,Light emitting diode (LED) holiday lights,Percent,239,units,0,v92073138,16.4,35.0,,,,0
2330,2023,"Saint John, New Brunswick",2016S0503310,At least one type of energy-saving light,Percent,239,units,0,v92073139,16.5,85.0,,,,0
2331,2023,"Saint John, New Brunswick",2016S0503310,"At least one type of energy-saving light, excluding light emitting diode (LED) holiday lights",Percent,239,units,0,v92073140,16.6,76.0,,,,0
2332,2023,"Saint John, New Brunswick",2016S0503310,No energy saving lights,Percent,239,units,0,v92073141,16.7,,F,,,0
2333,2023,"Fredericton, New Brunswick",2021S0503320,Compact fluorescent lights,Percent,239,units,0,v1752203079,51.1,32.0,,,,0
2334,2023,"Fredericton, New Brunswick",2021S0503320,Fluorescent tubes,Percent,239,units,0,v1752203080,51.2,,F,,,0
2335,2023,"Fredericton, New Brunswick",2021S0503320,Halogen lights,Percent,239,units,0,v1752203081,51.3,,F,,,0
2336,2023,"Fredericton, New Brunswick",2021S0503320,"Light emitting diode (LED) lights, excluding LED holiday lights",Percent,239,units,0,v1752203086,51.8,50.0,,,,0
2337,2023,"Fredericton, New Brunswick",2021S0503320,Light emitting diode (LED) holiday lights,Percent,239,units,0,v1752203082,51.4,28.0,,,,0
2338,2023,"Fredericton, New Brunswick",2021S0503320,At least one type of energy-saving light,Percent,239,units,0,v1752203083,51.5,90.0,,,,0
2339,2023,"Fredericton, New Brunswick",2021S0503320,"At least one type of energy-saving light, excluding light emitting diode (LED) holiday lights",Percent,239,units,0,v1752203084,51.6,78.0,,,,0
2340,2023,"Fredericton, New Brunswick",2021S0503320,No energy saving lights,Percent,239,units,0,v1752203085,51.7,,F,,,0
2341,2023,"Saguenay, Quebec",2016S0503408,Compact fluorescent lights,Percent,239,units,0,v92073142,17.1,,F,,,0
2342,2023,"Saguenay, Quebec",2016S0503408,Fluorescent tubes,Percent,239,units,0,v92073143,17.2,,F,,,0
2343,2023,"Saguenay, Quebec",2016S0503408,Halogen lights,Percent,239,units,0,v92073144,17.3,,F,,,0
2344,2023,"Saguenay, Quebec",2016S0503408,"Light emitting diode (LED) lights, excluding LED holiday lights",Percent,239,units,0,v92073145,17.8,56.0,,,,0
2345,2023,"Saguenay, Quebec",2016S0503408,Light emitting diode (LED) holiday lights,Percent,239,units,0,v92073146,17.4,,F,,,0
2346,2023,"Saguenay, Quebec",2016S0503408,At least one type of energy-saving light,Percent,239,units,0,v92073147,17.5,80.0,,,,0
2347,2023,"Saguenay, Quebec",2016S0503408,"At least one type of energy-saving light, excluding light emitting diode (LED) holiday lights",Percent,239,units,0,v92073148,17.6,76.0,,,,0
2348,2023,"Saguenay, Quebec",2016S0503408,No energy saving lights,Percent,239,units,0,v92073149,17.7,,F,,,0
2349,2023,"Québec, Quebec",2016S0503421,Compact fluorescent lights,Percent,239,units,0,v92073150,18.1,25.0,,,,0
2350,2023,"Québec, Quebec",2016S0503421,Fluorescent tubes,Percent,239,units,0,v92073151,18.2,14.0,,,,0
2351,2023,"Québec, Quebec",2016S0503421,Halogen lights,Percent,239,units,0,v92073152,18.3,18.0,,,,0
2352,2023,"Québec, Quebec",2016S0503421,"Light emitting diode (LED) lights, excluding LED holiday lights",Percent,239,units,0,v92073153,18.8,49.0,,,,0
2353,2023,"Québec, Quebec",2016S0503421,Light emitting diode (LED) holiday lights,Percent,239,units,0,v92073154,18.4,19.0,,,,0
2354,2023,"Québec, Quebec",2016S0503421,At least one type of energy-saving light,Percent,239,units,0,v92073155,18.5,84.0,,,,0
2355,2023,"Québec, Quebec",2016S0503421,"At least one type of energy-saving light, excluding light emitting diode (LED) holiday lights",Percent,239,units,0,v92073156,18.6,78.0,,,,0
2356,2023,"Québec, Quebec",2016S0503421,No energy saving lights,Percent,239,units,0,v92073157,18.7,16.0,,,,0
2357,2023,"Sherbrooke, Quebec",2016S0503433,Compact fluorescent lights,Percent,239,units,0,v92073158,19.1,22.0,E,,,0
2358,2023,"Sherbrooke, Quebec",2016S0503433,Fluorescent tubes,Percent,239,units,0,v92073159,19.2,,F,,,0
2359,2023,"Sherbrooke, Quebec",2016S0503433,Halogen lights,Percent,239,units,0,v92073160,19.3,,F,,,0
2360,2023,"Sherbrooke, Quebec",2016S0503433,"Light emitting diode (LED) lights, excluding LED holiday lights",Percent,239,units,0,v92073161,19.8,62.0,,,,0
2361,2023,"Sherbrooke, Quebec",2016S0503433,Light emitting diode (LED) holiday lights,Percent,239,units,0,v92073162,19.4,22.0,E,,,0
2362,2023,"Sherbrooke, Quebec",2016S0503433,At least one type of energy-saving light,Percent,239,units,0,v92073163,19.5,85.0,,,,0
2363,2023,"Sherbrooke, Quebec",2016S0503433,"At least one type of energy-saving light, excluding light emitting diode (LED) holiday lights",Percent,239,units,0,v92073164,19.6,79.0,,,,0
2364,2023,"Sherbrooke, Quebec",2016S0503433,No energy saving lights,Percent,239,units,0,v92073165,19.7,,F,,,0
2365,2023,"Trois-Rivières, Quebec",2016S0503442,Compact fluorescent lights,Percent,239,units,0,v92073166,20.1,,F,,,0
2366,2023,"Trois-Rivières, Quebec",2016S0503442,Fluorescent tubes,Percent,239,units,0,v92073167,20.2,,F,,,0
2367,2023,"Trois-Rivières, Quebec",2016S0503442,Halogen lights,Percent,239,units,0,v92073168,20.3,,F,,,0
2368,2023,"Trois-Rivières, Quebec",2016S0503442,"Light emitting diode (LED) lights, excluding LED holiday lights",Percent,239,units,0,v92073169,20.8,47.0,,,,0
2369,2023,"Trois-Rivières, Quebec",2016S0503442,Light emitting diode (LED) holiday lights,Percent,239,units,0,v92073170,20.4,,F,,,0
2370,2023,"Trois-Rivières, Quebec",2016S0503442,At least one type of energy-saving light,Percent,239,units,0,v92073171,20.5,84.0,,,,0
2371,2023,"Trois-Rivières, Quebec",2016S0503442,"At least one type of energy-saving light, excluding light emitting diode (LED) holiday lights",Percent,239,units,0,v92073172,20.6,75.0,,,,0
2372,2023,"Trois-Rivières, Quebec",2016S0503442,No energy saving lights,Percent,239,units,0,v92073173,20.7,,F,,,0
2373,2023,"Drummondville, Quebec",2021S0503447,Compact fluorescent lights,Percent,239,units,0,v1752203087,52.1,,F,,,0
2374,2023,"Drummondville, Quebec",2021S0503447,Fluorescent tubes,Percent,239,units,0,v1752203088,52.2,,F,,,0
2375,2023,"Drummondville, Quebec",2021S0503447,Halogen lights,Percent,239,units,0,v1752203089,52.3,,F,,,0
2376,2023,"Drummondville, Quebec",2021S0503447,"Light emitting diode (LED) lights, excluding LED holiday lights",Percent,239,units,0,v1752203094,52.8,53.0,,,,0
2377,2023,"Drummondville, Quebec",2021S0503447,Light emitting diode (LED) holiday lights,Percent,239,units,0,v1752203090,52.4,,F,,,0
2378,2023,"Drummondville, Quebec",2021S0503447,At least one type of energy-saving light,Percent,239,units,0,v1752203091,52.5,74.0,,,,0
2379,2023,"Drummondville, Quebec",2021S0503447,"At least one type of energy-saving light, excluding light emitting diode (LED) holiday lights",Percent,239,units,0,v1752203092,52.6,70.0,,,,0
2380,2023,"Drummondville, Quebec",2021S0503447,No energy saving lights,Percent,239,units,0,v1752203093,52.7,,F,,,0
2381,2023,"Montréal, Quebec",2016S0503462,Compact fluorescent lights,Percent,239,units,0,v92073174,21.1,27.0,,,,0
2382,2023,"Montréal, Quebec",2016S0503462,Fluorescent tubes,Percent,239,units,0,v92073175,21.2,8.0,,,,0
2383,2023,"Montréal, Quebec",2016S0503462,Halogen lights,Percent,239,units,0,v92073176,21.3,18.0,,,,0
2384,2023,"Montréal, Quebec",2016S0503462,"Light emitting diode (LED) lights, excluding LED holiday lights",Percent,239,units,0,v92073177,21.8,47.0,,,,0
2385,2023,"Montréal, Quebec",2016S0503462,Light emitting diode (LED) holiday lights,Percent,239,units,0,v92073178,21.4,21.0,,,,0
2386,2023,"Montréal, Quebec",2016S0503462,At least one type of energy-saving light,Percent,239,units,0,v92073179,21.5,80.0,,,,0
2387,2023,"Montréal, Quebec",2016S0503462,"At least one type of energy-saving light, excluding light emitting diode (LED) holiday lights",Percent,239,units,0,v92073180,21.6,73.0,,,,0
2388,2023,"Montréal, Quebec",2016S0503462,No energy saving lights,Percent,239,units,0,v92073181,21.7,20.0,,,,0
2389,2023,"Ottawa-Gatineau, Ontario/Quebec",2016S0503505,Compact fluorescent lights,Percent,239,units,0,v92073182,22.1,35.0,,,,0
2390,2023,"Ottawa-Gatineau, Ontario/Quebec",2016S0503505,Fluorescent tubes,Percent,239,units,0,v92073183,22.2,20.0,,,,0
2391,2023,"Ottawa-Gatineau, Ontario/Quebec",2016S0503505,Halogen lights,Percent,239,units,0,v92073184,22.3,15.0,,,,0
2392,2023,"Ottawa-Gatineau, Ontario/Quebec",2016S0503505,"Light emitting diode (LED) lights, excluding LED holiday lights",Percent,239,units,0,v92073185,22.8,48.0,,,,0
2393,2023,"Ottawa-Gatineau, Ontario/Quebec",2016S0503505,Light emitting diode (LED) holiday lights,Percent,239,units,0,v92073186,22.4,36.0,,,,0
2394,2023,"Ottawa-Gatineau, Ontario/Quebec",2016S0503505,At least one type of energy-saving light,Percent,239,units,0,v92073187,22.5,85.0,,,,0
2395,2023,"Ottawa-Gatineau, Ontario/Quebec",2016S0503505,"At least one type of energy-saving light, excluding light emitting diode (LED) holiday lights",Percent,239,units,0,v92073188,22.6,75.0,,,,0
2396,2023,"Ottawa-Gatineau, Ontario/Quebec",2016S0503505,No energy saving lights,Percent,239,units,0,v92073189,22.7,15.0,,,,0
2397,2023,Ottawa-Gatineau (Quebec part),2016S050524505,Compact fluorescent lights,Percent,239,units,0,v92073190,23.1,28.0,,,,0
2398,2023,Ottawa-Gatineau (Quebec part),2016S050524505,Fluorescent tubes,Percent,239,units,0,v92073191,23.2,,F,,,0
2399,2023,Ottawa-Gatineau (Quebec part),2016S050524505,Halogen lights,Percent,239,units,0,v92073192,23.3,14.0,E,,,0
2400,2023,Ottawa-Gatineau (Quebec part),2016S050524505,"Light emitting diode (LED) lights, excluding LED holiday lights",Percent,239,units,0,v92073193,23.8,45.0,,,,0
2401,2023,Ottawa-Gatineau (Quebec part),2016S050524505,Light emitting diode (LED) holiday lights,Percent,239,units,0,v92073194,23.4,24.0,,,,0
2402,2023,Ottawa-Gatineau (Quebec part),2016S050524505,At least one type of energy-saving light,Percent,239,units,0,v92073195,23.5,82.0,,,,0
2403,2023,Ottawa-Gatineau (Quebec part),2016S050524505,"At least one type of energy-saving light, excluding light emitting diode (LED) holiday lights",Percent,239,units,0,v92073196,23.6,73.0,,,,0
2404,2023,Ottawa-Gatineau (Quebec part),2016S050524505,No energy saving lights,Percent,239,units,0,v92073197,23.7,18.0,E,,,0
2405,2023,Ottawa-Gatineau (Ontario part),2016S050535505,Compact fluorescent lights,Percent,239,units,0,v92073198,24.1,36.0,,,,0
2406,2023,Ottawa-Gatineau (Ontario part),2016S050535505,Fluorescent tubes,Percent,239,units,0,v92073199,24.2,22.0,,,,0
2407,2023,Ottawa-Gatineau (Ontario part),2016S050535505,Halogen lights,Percent,239,units,0,v92073200,24.3,15.0,,,,0
2408,2023,Ottawa-Gatineau (Ontario part),2016S050535505,"Light emitting diode (LED) lights, excluding LED holiday lights",Percent,239,units,0,v92073201,24.8,48.0,,,,0
2409,2023,Ottawa-Gatineau (Ontario part),2016S050535505,Light emitting diode (LED) holiday lights,Percent,239,units,0,v92073202,24.4,40.0,,,,0
2410,2023,Ottawa-Gatineau (Ontario part),2016S050535505,At least one type of energy-saving light,Percent,239,units,0,v92073203,24.5,85.0,,,,0
2411,2023,Ottawa-Gatineau (Ontario part),2016S050535505,"At least one type of energy-saving light, excluding light emitting diode (LED) holiday lights",Percent,239,units,0,v92073204,24.6,75.0,,,,0
2412,2023,Ottawa-Gatineau (Ontario part),2016S050535505,No energy saving lights,Percent,239,units,0,v92073205,24.7,15.0,,,,0
2413,2023,"Kingston, Ontario",2016S0503521,Compact fluorescent lights,Percent,239,units,0,v92073206,25.1,34.0,E,,,0
2414,2023,"Kingston, Ontario",2016S0503521,Fluorescent tubes,Percent,239,units,0,v92073207,25.2,,F,,,0
2415,2023,"Kingston, Ontario",2016S0503521,Halogen lights,Percent,239,units,0,v92073208,25.3,,F,,,0
2416,2023,"Kingston, Ontario",2016S0503521,"Light emitting diode (LED) lights, excluding LED holiday lights",Percent,239,units,0,v92073209,25.8,45.0,,,,0
2417,2023,"Kingston, Ontario",2016S0503521,Light emitting diode (LED) holiday lights,Percent,239,units,0,v92073210,25.4,38.0,E,,,0
2418,2023,"Kingston, Ontario",2016S0503521,At least one type of energy-saving light,Percent,239,units,0,v92073211,25.5,84.0,,,,0
2419,2023,"Kingston, Ontario",2016S0503521,"At least one type of energy-saving light, excluding light emitting diode (LED) holiday lights",Percent,239,units,0,v92073212,25.6,77.0,,,,0
2420,2023,"Kingston, Ontario",2016S0503521,No energy saving lights,Percent,239,units,0,v92073213,25.7,,F,,,0
2421,2023,"Belleville, Ontario",2016S0503522,Compact fluorescent lights,Percent,239,units,0,v1242113099,49.1,,F,,,0
2422,2023,"Belleville, Ontario",2016S0503522,Fluorescent tubes,Percent,239,units,0,v1242113100,49.2,,F,,,0
2423,2023,"Belleville, Ontario",2016S0503522,Halogen lights,Percent,239,units,0,v1242113101,49.3,,F,,,0
2424,2023,"Belleville, Ontario",2016S0503522,"Light emitting diode (LED) lights, excluding LED holiday lights",Percent,239,units,0,v1242113106,49.8,,F,,,0
2425,2023,"Belleville, Ontario",2016S0503522,Light emitting diode (LED) holiday lights,Percent,239,units,0,v1242113102,49.4,,F,,,0
2426,2023,"Belleville, Ontario",2016S0503522,At least one type of energy-saving light,Percent,239,units,0,v1242113103,49.5,77.0,,,,0
2427,2023,"Belleville, Ontario",2016S0503522,"At least one type of energy-saving light, excluding light emitting diode (LED) holiday lights",Percent,239,units,0,v1242113104,49.6,70.0,,,,0
2428,2023,"Belleville, Ontario",2016S0503522,No energy saving lights,Percent,239,units,0,v1242113105,49.7,,F,,,0
2429,2023,"Peterborough, Ontario",2016S0503529,Compact fluorescent lights,Percent,239,units,0,v92073214,26.1,,F,,,0
2430,2023,"Peterborough, Ontario",2016S0503529,Fluorescent tubes,Percent,239,units,0,v92073215,26.2,,F,,,0
2431,2023,"Peterborough, Ontario",2016S0503529,Halogen lights,Percent,239,units,0,v92073216,26.3,,F,,,0
2432,2023,"Peterborough, Ontario",2016S0503529,"Light emitting diode (LED) lights, excluding LED holiday lights",Percent,239,units,0,v92073217,26.8,58.0,,,,0
2433,2023,"Peterborough, Ontario",2016S0503529,Light emitting diode (LED) holiday lights,Percent,239,units,0,v92073218,26.4,,F,,,0
2434,2023,"Peterborough, Ontario",2016S0503529,At least one type of energy-saving light,Percent,239,units,0,v92073219,26.5,78.0,,,,0
2435,2023,"Peterborough, Ontario",2016S0503529,"At least one type of energy-saving light, excluding light emitting diode (LED) holiday lights",Percent,239,units,0,v92073220,26.6,74.0,,,,0
2436,2023,"Peterborough, Ontario",2016S0503529,No energy saving lights,Percent,239,units,0,v92073221,26.7,,F,,,0
2437,2023,"Oshawa, Ontario",2016S0503532,Compact fluorescent lights,Percent,239,units,0,v92073222,27.1,28.0,,,,0
2438,2023,"Oshawa, Ontario",2016S0503532,Fluorescent tubes,Percent,239,units,0,v92073223,27.2,17.0,E,,,0
2439,2023,"Oshawa, Ontario",2016S0503532,Halogen lights,Percent,239,units,0,v92073224,27.3,,F,,,0
2440,2023,"Oshawa, Ontario",2016S0503532,"Light emitting diode (LED) lights, excluding LED holiday lights",Percent,239,units,0,v92073225,27.8,48.0,,,,0
2441,2023,"Oshawa, Ontario",2016S0503532,Light emitting diode (LED) holiday lights,Percent,239,units,0,v92073226,27.4,35.0,,,,0
2442,2023,"Oshawa, Ontario",2016S0503532,At least one type of energy-saving light,Percent,239,units,0,v92073227,27.5,85.0,,,,0
2443,2023,"Oshawa, Ontario",2016S0503532,"At least one type of energy-saving light, excluding light emitting diode (LED) holiday lights",Percent,239,units,0,v92073228,27.6,75.0,,,,0
2444,2023,"Oshawa, Ontario",2016S0503532,No energy saving lights,Percent,239,units,0,v92073229,27.7,,F,,,0
2445,2023,"Toronto, Ontario",2016S0503535,Compact fluorescent lights,Percent,239,units,0,v92073230,28.1,30.0,,,,0
2446,2023,"Toronto, Ontario",2016S0503535,Fluorescent tubes,Percent,239,units,0,v92073231,28.2,15.0,,,,0
2447,2023,"Toronto, Ontario",2016S0503535,Halogen lights,Percent,239,units,0,v92073232,28.3,13.0,,,,0
2448,2023,"Toronto, Ontario",2016S0503535,"Light emitting diode (LED) lights, excluding LED holiday lights",Percent,239,units,0,v92073233,28.8,44.0,,,,0
2449,2023,"Toronto, Ontario",2016S0503535,Light emitting diode (LED) holiday lights,Percent,239,units,0,v92073234,28.4,32.0,,,,0
2450,2023,"Toronto, Ontario",2016S0503535,At least one type of energy-saving light,Percent,239,units,0,v92073235,28.5,83.0,,,,0
2451,2023,"Toronto, Ontario",2016S0503535,"At least one type of energy-saving light, excluding light emitting diode (LED) holiday lights",Percent,239,units,0,v92073236,28.6,72.0,,,,0
2452,2023,"Toronto, Ontario",2016S0503535,No energy saving lights,Percent,239,units,0,v92073237,28.7,16.0,,,,0
2453,2023,"Hamilton, Ontario",2016S0503537,Compact fluorescent lights,Percent,239,units,0,v92073238,29.1,34.0,,,,0
2454,2023,"Hamilton, Ontario",2016S0503537,Fluorescent tubes,Percent,239,units,0,v92073239,29.2,19.0,,,,0
2455,2023,"Hamilton, Ontario",2016S0503537,Halogen lights,Percent,239,units,0,v92073240,29.3,15.0,E,,,0
2456,2023,"Hamilton, Ontario",2016S0503537,"Light emitting diode (LED) lights, excluding LED holiday lights",Percent,239,units,0,v92073241,29.8,41.0,,,,0
2457,2023,"Hamilton, Ontario",2016S0503537,Light emitting diode (LED) holiday lights,Percent,239,units,0,v92073242,29.4,36.0,,,,0
2458,2023,"Hamilton, Ontario",2016S0503537,At least one type of energy-saving light,Percent,239,units,0,v92073243,29.5,88.0,,,,0
2459,2023,"Hamilton, Ontario",2016S0503537,"At least one type of energy-saving light, excluding light emitting diode (LED) holiday lights",Percent,239,units,0,v92073244,29.6,79.0,,,,0
2460,2023,"Hamilton, Ontario",2016S0503537,No energy saving lights,Percent,239,units,0,v92073245,29.7,12.0,E,,,0
2461,2023,"St. Catharines-Niagara, Ontario",2016S0503539,Compact fluorescent lights,Percent,239,units,0,v92073246,30.1,25.0,,,,0
2462,2023,"St. Catharines-Niagara, Ontario",2016S0503539,Fluorescent tubes,Percent,239,units,0,v92073247,30.2,14.0,E,,,0
2463,2023,"St. Catharines-Niagara, Ontario",2016S0503539,Halogen lights,Percent,239,units,0,v92073248,30.3,,F,,,0
2464,2023,"St. Catharines-Niagara, Ontario",2016S0503539,"Light emitting diode (LED) lights, excluding LED holiday lights",Percent,239,units,0,v92073249,30.8,52.0,,,,0
2465,2023,"St. Catharines-Niagara, Ontario",2016S0503539,Light emitting diode (LED) holiday lights,Percent,239,units,0,v92073250,30.4,32.0,,,,0
2466,2023,"St. Catharines-Niagara, Ontario",2016S0503539,At least one type of energy-saving light,Percent,239,units,0,v92073251,30.5,85.0,,,,0
2467,2023,"St. Catharines-Niagara, Ontario",2016S0503539,"At least one type of energy-saving light, excluding light emitting diode (LED) holiday lights",Percent,239,units,0,v92073252,30.6,79.0,,,,0
2468,2023,"St. Catharines-Niagara, Ontario",2016S0503539,No energy saving lights,Percent,239,units,0,v92073253,30.7,15.0,E,,,0
2469,2023,"Kitchener-Cambridge-Waterloo, Ontario",2016S0503541,Compact fluorescent lights,Percent,239,units,0,v92073254,31.1,36.0,,,,0
2470,2023,"Kitchener-Cambridge-Waterloo, Ontario",2016S0503541,Fluorescent tubes,Percent,239,units,0,v92073255,31.2,19.0,,,,0
2471,2023,"Kitchener-Cambridge-Waterloo, Ontario",2016S0503541,Halogen lights,Percent,239,units,0,v92073256,31.3,13.0,E,,,0
2472,2023,"Kitchener-Cambridge-Waterloo, Ontario",2016S0503541,"Light emitting diode (LED) lights, excluding LED holiday lights",Percent,239,units,0,v92073257,31.8,53.0,,,,0
2473,2023,"Kitchener-Cambridge-Waterloo, Ontario",2016S0503541,Light emitting diode (LED) holiday lights,Percent,239,units,0,v92073258,31.4,37.0,,,,0
2474,2023,"Kitchener-Cambridge-Waterloo, Ontario",2016S0503541,At least one type of energy-saving light,Percent,239,units,0,v92073259,31.5,87.0,,,,0
2475,2023,"Kitchener-Cambridge-Waterloo, Ontario",2016S0503541,"At least one type of energy-saving light, excluding light emitting diode (LED) holiday lights",Percent,239,units,0,v92073260,31.6,80.0,,,,0
2476,2023,"Kitchener-Cambridge-Waterloo, Ontario",2016S0503541,No energy saving lights,Percent,239,units,0,v92073261,31.7,13.0,E,,,0
2477,2023,"Brantford, Ontario",2016S0503543,Compact fluorescent lights,Percent,239,units,0,v92073262,32.1,,F,,,0
2478,2023,"Brantford, Ontario",2016S0503543,Fluorescent tubes,Percent,239,units,0,v92073263,32.2,,F,,,0
2479,2023,"Brantford, Ontario",2016S0503543,Halogen lights,Percent,239,units,0,v92073264,32.3,,F,,,0
2480,2023,"Brantford, Ontario",2016S0503543,"Light emitting diode (LED) lights, excluding LED holiday lights",Percent,239,units,0,v92073265,32.8,46.0,E,,,0
2481,2023,"Brantford, Ontario",2016S0503543,Light emitting diode (LED) holiday lights,Percent,239,units,0,v92073266,32.4,,F,,,0
2482,2023,"Brantford, Ontario",2016S0503543,At least one type of energy-saving light,Percent,239,units,0,v92073267,32.5,86.0,,,,0
2483,2023,"Brantford, Ontario",2016S0503543,"At least one type of energy-saving light, excluding light emitting diode (LED) holiday lights",Percent,239,units,0,v92073268,32.6,79.0,,,,0
2484,2023,"Brantford, Ontario",2016S0503543,No energy saving lights,Percent,239,units,0,v92073269,32.7,,F,,,0
2485,2023,"Guelph, Ontario",2016S0503550,Compact fluorescent lights,Percent,239,units,0,v92073270,33.1,31.0,E,,,0
2486,2023,"Guelph, Ontario",2016S0503550,Fluorescent tubes,Percent,239,units,0,v92073271,33.2,,F,,,0
2487,2023,"Guelph, Ontario",2016S0503550,Halogen lights,Percent,239,units,0,v92073272,33.3,,F,,,0
2488,2023,"Guelph, Ontario",2016S0503550,"Light emitting diode (LED) lights, excluding LED holiday lights",Percent,239,units,0,v92073273,33.8,36.0,E,,,0
2489,2023,"Guelph, Ontario",2016S0503550,Light emitting diode (LED) holiday lights,Percent,239,units,0,v92073274,33.4,,F,,,0
2490,2023,"Guelph, Ontario",2016S0503550,At least one type of energy-saving light,Percent,239,units,0,v92073275,33.5,77.0,,,,0
2491,2023,"Guelph, Ontario",2016S0503550,"At least one type of energy-saving light, excluding light emitting diode (LED) holiday lights",Percent,239,units,0,v92073276,33.6,65.0,,,,0
2492,2023,"Guelph, Ontario",2016S0503550,No energy saving lights,Percent,239,units,0,v92073277,33.7,,F,,,0
2493,2023,"London, Ontario",2016S0503555,Compact fluorescent lights,Percent,239,units,0,v92073278,34.1,35.0,,,,0
2494,2023,"London, Ontario",2016S0503555,Fluorescent tubes,Percent,239,units,0,v92073279,34.2,20.0,,,,0
2495,2023,"London, Ontario",2016S0503555,Halogen lights,Percent,239,units,0,v92073280,34.3,,F,,,0
2496,2023,"London, Ontario",2016S0503555,"Light emitting diode (LED) lights, excluding LED holiday lights",Percent,239,units,0,v92073281,34.8,45.0,,,,0
2497,2023,"London, Ontario",2016S0503555,Light emitting diode (LED) holiday lights,Percent,239,units,0,v92073282,34.4,35.0,,,,0
2498,2023,"London, Ontario",2016S0503555,At least one type of energy-saving light,Percent,239,units,0,v92073283,34.5,86.0,,,,0
2499,2023,"London, Ontario",2016S0503555,"At least one type of energy-saving light, excluding light emitting diode (LED) holiday lights",Percent,239,units,0,v92073284,34.6,78.0,,,,0
2500,2023,"London, Ontario",2016S0503555,No energy saving lights,Percent,239,units,0,v92073285,34.7,14.0,E,,,0
2501,2023,"Windsor, Ontario",2016S0503559,Compact fluorescent lights,Percent,239,units,0,v92073286,35.1,40.0,,,,0
2502,2023,"Windsor, Ontario",2016S0503559,Fluorescent tubes,Percent,239,units,0,v92073287,35.2,15.0,E,,,0
2503,2023,"Windsor, Ontario",2016S0503559,Halogen lights,Percent,239,units,0,v92073288,35.3,,F,,,0
2504,2023,"Windsor, Ontario",2016S0503559,"Light emitting diode (LED) lights, excluding LED holiday lights",Percent,239,units,0,v92073289,35.8,47.0,,,,0
2505,2023,"Windsor, Ontario",2016S0503559,Light emitting diode (LED) holiday lights,Percent,239,units,0,v92073290,35.4,28.0,,,,0
2506,2023,"Windsor, Ontario",2016S0503559,At least one type of energy-saving light,Percent,239,units,0,v92073291,35.5,88.0,,,,0
2507,2023,"Windsor, Ontario",2016S0503559,"At least one type of energy-saving light, excluding light emitting diode (LED) holiday lights",Percent,239,units,0,v92073292,35.6,80.0,,,,0
2508,2023,"Windsor, Ontario",2016S0503559,No energy saving lights,Percent,239,units,0,v92073293,35.7,,F,,,0
2509,2023,"Barrie, Ontario",2016S0503568,Compact fluorescent lights,Percent,239,units,0,v92073294,36.1,,F,,,0
2510,2023,"Barrie, Ontario",2016S0503568,Fluorescent tubes,Percent,239,units,0,v92073295,36.2,,F,,,0
2511,2023,"Barrie, Ontario",2016S0503568,Halogen lights,Percent,239,units,0,v92073296,36.3,,F,,,0
2512,2023,"Barrie, Ontario",2016S0503568,"Light emitting diode (LED) lights, excluding LED holiday lights",Percent,239,units,0,v92073297,36.8,53.0,,,,0
2513,2023,"Barrie, Ontario",2016S0503568,Light emitting diode (LED) holiday lights,Percent,239,units,0,v92073298,36.4,44.0,,,,0
2514,2023,"Barrie, Ontario",2016S0503568,At least one type of energy-saving light,Percent,239,units,0,v92073299,36.5,90.0,,,,0
2515,2023,"Barrie, Ontario",2016S0503568,"At least one type of energy-saving light, excluding light emitting diode (LED) holiday lights",Percent,239,units,0,v92073300,36.6,74.0,,,,0
2516,2023,"Barrie, Ontario",2016S0503568,No energy saving lights,Percent,239,units,0,v92073301,36.7,,F,,,0
2517,2023,"Greater Sudbury, Ontario",2016S0503580,Compact fluorescent lights,Percent,239,units,0,v92073302,37.1,40.0,,,,0
2518,2023,"Greater Sudbury, Ontario",2016S0503580,Fluorescent tubes,Percent,239,units,0,v92073303,37.2,,F,,,0
2519,2023,"Greater Sudbury, Ontario",2016S0503580,Halogen lights,Percent,239,units,0,v92073304,37.3,,F,,,0
2520,2023,"Greater Sudbury, Ontario",2016S0503580,"Light emitting diode (LED) lights, excluding LED holiday lights",Percent,239,units,0,v92073305,37.8,45.0,,,,0
2521,2023,"Greater Sudbury, Ontario",2016S0503580,Light emitting diode (LED) holiday lights,Percent,239,units,0,v92073306,37.4,36.0,E,,,0
2522,2023,"Greater Sudbury, Ontario",2016S0503580,At least one type of energy-saving light,Percent,239,units,0,v92073307,37.5,84.0,,,,0
2523,2023,"Greater Sudbury, Ontario",2016S0503580,"At least one type of energy-saving light, excluding light emitting diode (LED) holiday lights",Percent,239,units,0,v92073308,37.6,79.0,,,,0
2524,2023,"Greater Sudbury, Ontario",2016S0503580,No energy saving lights,Percent,239,units,0,v92073309,37.7,,F,,,0
2525,2023,"Thunder Bay, Ontario",2016S0503595,Compact fluorescent lights,Percent,239,units,0,v92073310,38.1,44.0,E,,,0
2526,2023,"Thunder Bay, Ontario",2016S0503595,Fluorescent tubes,Percent,239,units,0,v92073311,38.2,,F,,,0
2527,2023,"Thunder Bay, Ontario",2016S0503595,Halogen lights,Percent,239,units,0,v92073312,38.3,,F,,,0
2528,2023,"Thunder Bay, Ontario",2016S0503595,"Light emitting diode (LED) lights, excluding LED holiday lights",Percent,239,units,0,v92073313,38.8,51.0,,,,0
2529,2023,"Thunder Bay, Ontario",2016S0503595,Light emitting diode (LED) holiday lights,Percent,239,units,0,v92073314,38.4,,F,,,0
2530,2023,"Thunder Bay, Ontario",2016S0503595,At least one type of energy-saving light,Percent,239,units,0,v92073315,38.5,85.0,,,,0
2531,2023,"Thunder Bay, Ontario",2016S0503595,"At least one type of energy-saving light, excluding light emitting diode (LED) holiday lights",Percent,239,units,0,v92073316,38.6,83.0,,,,0
2532,2023,"Thunder Bay, Ontario",2016S0503595,No energy saving lights,Percent,239,units,0,v92073317,38.7,,F,,,0
2533,2023,"Winnipeg, Manitoba",2016S0503602,Compact fluorescent lights,Percent,239,units,0,v92073318,39.1,32.0,,,,0
2534,2023,"Winnipeg, Manitoba",2016S0503602,Fluorescent tubes,Percent,239,units,0,v92073319,39.2,25.0,,,,0
2535,2023,"Winnipeg, Manitoba",2016S0503602,Halogen lights,Percent,239,units,0,v92073320,39.3,14.0,,,,0
2536,2023,"Winnipeg, Manitoba",2016S0503602,"Light emitting diode (LED) lights, excluding LED holiday lights",Percent,239,units,0,v92073321,39.8,45.0,,,,0
2537,2023,"Winnipeg, Manitoba",2016S0503602,Light emitting diode (LED) holiday lights,Percent,239,units,0,v92073322,39.4,33.0,,,,0
2538,2023,"Winnipeg, Manitoba",2016S0503602,At least one type of energy-saving light,Percent,239,units,0,v92073323,39.5,86.0,,,,0
2539,2023,"Winnipeg, Manitoba",2016S0503602,"At least one type of energy-saving light, excluding light emitting diode (LED) holiday lights",Percent,239,units,0,v92073324,39.6,78.0,,,,0
2540,2023,"Winnipeg, Manitoba",2016S0503602,No energy saving lights,Percent,239,units,0,v92073325,39.7,13.0,,,,0
2541,2023,"Regina, Saskatchewan",2016S0503705,Compact fluorescent lights,Percent,239,units,0,v92073326,40.1,30.0,,,,0
2542,2023,"Regina, Saskatchewan",2016S0503705,Fluorescent tubes,Percent,239,units,0,v92073327,40.2,18.0,,,,0
2543,2023,"Regina, Saskatchewan",2016S0503705,Halogen lights,Percent,239,units,0,v92073328,40.3,10.0,E,,,0
2544,2023,"Regina, Saskatchewan",2016S0503705,"Light emitting diode (LED) lights, excluding LED holiday lights",Percent,239,units,0,v92073329,40.8,48.0,,,,0
2545,2023,"Regina, Saskatchewan",2016S0503705,Light emitting diode (LED) holiday lights,Percent,239,units,0,v92073330,40.4,30.0,,,,0
2546,2023,"Regina, Saskatchewan",2016S0503705,At least one type of energy-saving light,Percent,239,units,0,v92073331,40.5,84.0,,,,0
2547,2023,"Regina, Saskatchewan",2016S0503705,"At least one type of energy-saving light, excluding light emitting diode (LED) holiday lights",Percent,239,units,0,v92073332,40.6,74.0,,,,0
2548,2023,"Regina, Saskatchewan",2016S0503705,No energy saving lights,Percent,239,units,0,v92073333,40.7,16.0,,,,0
2549,2023,"Saskatoon, Saskatchewan",2016S0503725,Compact fluorescent lights,Percent,239,units,0,v92073334,41.1,31.0,,,,0
2550,2023,"Saskatoon, Saskatchewan",2016S0503725,Fluorescent tubes,Percent,239,units,0,v92073335,41.2,16.0,,,,0
2551,2023,"Saskatoon, Saskatchewan",2016S0503725,Halogen lights,Percent,239,units,0,v92073336,41.3,10.0,E,,,0
2552,2023,"Saskatoon, Saskatchewan",2016S0503725,"Light emitting diode (LED) lights, excluding LED holiday lights",Percent,239,units,0,v92073337,41.8,53.0,,,,0
2553,2023,"Saskatoon, Saskatchewan",2016S0503725,Light emitting diode (LED) holiday lights,Percent,239,units,0,v92073338,41.4,40.0,,,,0
2554,2023,"Saskatoon, Saskatchewan",2016S0503725,At least one type of energy-saving light,Percent,239,units,0,v92073339,41.5,89.0,,,,0
2555,2023,"Saskatoon, Saskatchewan",2016S0503725,"At least one type of energy-saving light, excluding light emitting diode (LED) holiday lights",Percent,239,units,0,v92073340,41.6,78.0,,,,0
2556,2023,"Saskatoon, Saskatchewan",2016S0503725,No energy saving lights,Percent,239,units,0,v92073341,41.7,11.0,E,,,0
2557,2023,"Lethbridge, Alberta",2016S0503810,Compact fluorescent lights,Percent,239,units,0,v1242113107,50.1,,F,,,0
2558,2023,"Lethbridge, Alberta",2016S0503810,Fluorescent tubes,Percent,239,units,0,v1242113108,50.2,,F,,,0
2559,2023,"Lethbridge, Alberta",2016S0503810,Halogen lights,Percent,239,units,0,v1242113109,50.3,,F,,,0
2560,2023,"Lethbridge, Alberta",2016S0503810,"Light emitting diode (LED) lights, excluding LED holiday lights",Percent,239,units,0,v1242113114,50.8,,F,,,0
2561,2023,"Lethbridge, Alberta",2016S0503810,Light emitting diode (LED) holiday lights,Percent,239,units,0,v1242113110,50.4,,F,,,0
2562,2023,"Lethbridge, Alberta",2016S0503810,At least one type of energy-saving light,Percent,239,units,0,v1242113111,50.5,74.0,,,,0
2563,2023,"Lethbridge, Alberta",2016S0503810,"At least one type of energy-saving light, excluding light emitting diode (LED) holiday lights",Percent,239,units,0,v1242113112,50.6,60.0,,,,0
2564,2023,"Lethbridge, Alberta",2016S0503810,No energy saving lights,Percent,239,units,0,v1242113113,50.7,,F,,,0
2565,2023,"Calgary, Alberta",2016S0503825,Compact fluorescent lights,Percent,239,units,0,v92073342,42.1,28.0,,,,0
2566,2023,"Calgary, Alberta",2016S0503825,Fluorescent tubes,Percent,239,units,0,v92073343,42.2,12.0,,,,0
2567,2023,"Calgary, Alberta",2016S0503825,Halogen lights,Percent,239,units,0,v92073344,42.3,10.0,,,,0
2568,2023,"Calgary, Alberta",2016S0503825,"Light emitting diode (LED) lights, excluding LED holiday lights",Percent,239,units,0,v92073345,42.8,50.0,,,,0
2569,2023,"Calgary, Alberta",2016S0503825,Light emitting diode (LED) holiday lights,Percent,239,units,0,v92073346,42.4,35.0,,,,0
2570,2023,"Calgary, Alberta",2016S0503825,At least one type of energy-saving light,Percent,239,units,0,v92073347,42.5,88.0,,,,0
2571,2023,"Calgary, Alberta",2016S0503825,"At least one type of energy-saving light, excluding light emitting diode (LED) holiday lights",Percent,239,units,0,v92073348,42.6,76.0,,,,0
2572,2023,"Calgary, Alberta",2016S0503825,No energy saving lights,Percent,239,units,0,v92073349,42.7,12.0,,,,0
2573,2023,"Red Deer, Alberta",2021S0503830,Compact fluorescent lights,Percent,239,units,0,v1752203095,53.1,,F,,,0
2574,2023,"Red Deer, Alberta",2021S0503830,Fluorescent tubes,Percent,239,units,0,v1752203096,53.2,,F,,,0
2575,2023,"Red Deer, Alberta",2021S0503830,Halogen lights,Percent,239,units,0,v1752203097,53.3,,F,,,0
2576,2023,"Red Deer, Alberta",2021S0503830,"Light emitting diode (LED) lights, excluding LED holiday lights",Percent,239,units,0,v1752203102,53.8,57.0,,,,0
2577,2023,"Red Deer, Alberta",2021S0503830,Light emitting diode (LED) holiday lights,Percent,239,units,0,v1752203098,53.4,,F,,,0
2578,2023,"Red Deer, Alberta",2021S0503830,At least one type of energy-saving light,Percent,239,units,0,v1752203099,53.5,83.0,,,,0
2579,2023,"Red Deer, Alberta",2021S0503830,"At least one type of energy-saving light, excluding light emitting diode (LED) holiday lights",Percent,239,units,0,v1752203100,53.6,70.0,,,,0
2580,2023,"Red Deer, Alberta",2021S0503830,No energy saving lights,Percent,239,units,0,v1752203101,53.7,,F,,,0
2581,2023,"Edmonton, Alberta",2016S0503835,Compact fluorescent lights,Percent,239,units,0,v92073350,43.1,30.0,,,,0
2582,2023,"Edmonton, Alberta",2016S0503835,Fluorescent tubes,Percent,239,units,0,v92073351,43.2,15.0,,,,0
2583,2023,"Edmonton, Alberta",2016S0503835,Halogen lights,Percent,239,units,0,v92073352,43.3,13.0,,,,0
2584,2023,"Edmonton, Alberta",2016S0503835,"Light emitting diode (LED) lights, excluding LED holiday lights",Percent,239,units,0,v92073353,43.8,50.0,,,,0
2585,2023,"Edmonton, Alberta",2016S0503835,Light emitting diode (LED) holiday lights,Percent,239,units,0,v92073354,43.4,36.0,,,,0
2586,2023,"Edmonton, Alberta",2016S0503835,At least one type of energy-saving light,Percent,239,units,0,v92073355,43.5,86.0,,,,0
2587,2023,"Edmonton, Alberta",2016S0503835,"At least one type of energy-saving light, excluding light emitting diode (LED) holiday lights",Percent,239,units,0,v92073356,43.6,77.0,,,,0
2588,2023,"Edmonton, Alberta",2016S0503835,No energy saving lights,Percent,239,units,0,v92073357,43.7,14.0,,,,0
2589,2023,"Kelowna, British Columbia",2016S0503915,Compact fluorescent lights,Percent,239,units,0,v92073358,44.1,,F,,,0
2590,2023,"Kelowna, British Columbia",2016S0503915,Fluorescent tubes,Percent,239,units,0,v92073359,44.2,,F,,,0
2591,2023,"Kelowna, British Columbia",2016S0503915,Halogen lights,Percent,239,units,0,v92073360,44.3,,F,,,0
2592,2023,"Kelowna, British Columbia",2016S0503915,"Light emitting diode (LED) lights, excluding LED holiday lights",Percent,239,units,0,v92073361,44.8,56.0,,,,0
2593,2023,"Kelowna, British Columbia",2016S0503915,Light emitting diode (LED) holiday lights,Percent,239,units,0,v92073362,44.4,45.0,,,,0
2594,2023,"Kelowna, British Columbia",2016S0503915,At least one type of energy-saving light,Percent,239,units,0,v92073363,44.5,88.0,,,,0
2595,2023,"Kelowna, British Columbia",2016S0503915,"At least one type of energy-saving light, excluding light emitting diode (LED) holiday lights",Percent,239,units,0,v92073364,44.6,81.0,,,,0
2596,2023,"Kelowna, British Columbia",2016S0503915,No energy saving lights,Percent,239,units,0,v92073365,44.7,,F,,,0
2597,2023,"Kamloops, British Columbia",2021S0503925,Compact fluorescent lights,Percent,239,units,0,v1752203103,54.1,,F,,,0
2598,2023,"Kamloops, British Columbia",2021S0503925,Fluorescent tubes,Percent,239,units,0,v1752203104,54.2,,F,,,0
2599,2023,"Kamloops, British Columbia",2021S0503925,Halogen lights,Percent,239,units,0,v1752203105,54.3,,F,,,0
2600,2023,"Kamloops, British Columbia",2021S0503925,"Light emitting diode (LED) lights, excluding LED holiday lights",Percent,239,units,0,v1752203110,54.8,,F,,,0
2601,2023,"Kamloops, British Columbia",2021S0503925,Light emitting diode (LED) holiday lights,Percent,239,units,0,v1752203106,54.4,,F,,,0
2602,2023,"Kamloops, British Columbia",2021S0503925,At least one type of energy-saving light,Percent,239,units,0,v1752203107,54.5,90.0,,,,0
2603,2023,"Kamloops, British Columbia",2021S0503925,"At least one type of energy-saving light, excluding light emitting diode (LED) holiday lights",Percent,239,units,0,v1752203108,54.6,84.0,,,,0
2604,2023,"Kamloops, British Columbia",2021S0503925,No energy saving lights,Percent,239,units,0,v1752203109,54.7,,F,,,0
2605,2023,"Chilliwack, British Columbia",2021S0503930,Compact fluorescent lights,Percent,239,units,0,v1752203111,55.1,,F,,,0
2606,2023,"Chilliwack, British Columbia",2021S0503930,Fluorescent tubes,Percent,239,units,0,v1752203112,55.2,,F,,,0
2607,2023,"Chilliwack, British Columbia",2021S0503930,Halogen lights,Percent,239,units,0,v1752203113,55.3,,F,,,0
2608,2023,"Chilliwack, British Columbia",2021S0503930,"Light emitting diode (LED) lights, excluding LED holiday lights",Percent,239,units,0,v1752203118,55.8,,F,,,0
2609,2023,"Chilliwack, British Columbia",2021S0503930,Light emitting diode (LED) holiday lights,Percent,239,units,0,v1752203114,55.4,,F,,,0
2610,2023,"Chilliwack, British Columbia",2021S0503930,At least one type of energy-saving light,Percent,239,units,0,v1752203115,55.5,87.0,,,,0
2611,2023,"Chilliwack, British Columbia",2021S0503930,"At least one type of energy-saving light, excluding light emitting diode (LED) holiday lights",Percent,239,units,0,v1752203116,55.6,,F,,,0
2612,2023,"Chilliwack, British Columbia",2021S0503930,No energy saving lights,Percent,239,units,0,v1752203117,55.7,,F,,,0
2613,2023,"Abbotsford-Mission, British Columbia",2016S0503932,Compact fluorescent lights,Percent,239,units,0,v92073366,45.1,,F,,,0
2614,2023,"Abbotsford-Mission, British Columbia",2016S0503932,Fluorescent tubes,Percent,239,units,0,v92073367,45.2,,F,,,0
2615,2023,"Abbotsford-Mission, British Columbia",2016S0503932,Halogen lights,Percent,239,units,0,v92073368,45.3,,F,,,0
2616,2023,"Abbotsford-Mission, British Columbia",2016S0503932,"Light emitting diode (LED) lights, excluding LED holiday lights",Percent,239,units,0,v92073369,45.8,52.0,,,,0
2617,2023,"Abbotsford-Mission, British Columbia",2016S0503932,Light emitting diode (LED) holiday lights,Percent,239,units,0,v92073370,45.4,,F,,,0
2618,2023,"Abbotsford-Mission, British Columbia",2016S0503932,At least one type of energy-saving light,Percent,239,units,0,v92073371,45.5,90.0,,,,0
2619,2023,"Abbotsford-Mission, British Columbia",2016S0503932,"At least one type of energy-saving light, excluding light emitting diode (LED) holiday lights",Percent,239,units,0,v92073372,45.6,81.0,,,,0
2620,2023,"Abbotsford-Mission, British Columbia",2016S0503932,No energy saving lights,Percent,239,units,0,v92073373,45.7,,F,,,0
2621,2023,"Vancouver, British Columbia",2016S0503933,Compact fluorescent lights,Percent,239,units,0,v92073374,46.1,30.0,,,,0
2622,2023,"Vancouver, British Columbia",2016S0503933,Fluorescent tubes,Percent,239,units,0,v92073375,46.2,14.0,,,,0
2623,2023,"Vancouver, British Columbia",2016S0503933,Halogen lights,Percent,239,units,0,v92073376,46.3,15.0,,,,0
2624,2023,"Vancouver, British Columbia",2016S0503933,"Light emitting diode (LED) lights, excluding LED holiday lights",Percent,239,units,0,v92073377,46.8,47.0,,,,0
2625,2023,"Vancouver, British Columbia",2016S0503933,Light emitting diode (LED) holiday lights,Percent,239,units,0,v92073378,46.4,36.0,,,,0
2626,2023,"Vancouver, British Columbia",2016S0503933,At least one type of energy-saving light,Percent,239,units,0,v92073379,46.5,86.0,,,,0
2627,2023,"Vancouver, British Columbia",2016S0503933,"At least one type of energy-saving light, excluding light emitting diode (LED) holiday lights",Percent,239,units,0,v92073380,46.6,75.0,,,,0
2628,2023,"Vancouver, British Columbia",2016S0503933,No energy saving lights,Percent,239,units,0,v92073381,46.7,14.0,,,,0
2629,2023,"Victoria, British Columbia",2016S0503935,Compact fluorescent lights,Percent,239,units,0,v92073382,47.1,27.0,,,,0
2630,2023,"Victoria, British Columbia",2016S0503935,Fluorescent tubes,Percent,239,units,0,v92073383,47.2,20.0,,,,0
2631,2023,"Victoria, British Columbia",2016S0503935,Halogen lights,Percent,239,units,0,v92073384,47.3,18.0,E,,,0
2632,2023,"Victoria, British Columbia",2016S0503935,"Light emitting diode (LED) lights, excluding LED holiday lights",Percent,239,units,0,v92073385,47.8,57.0,,,,0
2633,2023,"Victoria, British Columbia",2016S0503935,Light emitting diode (LED) holiday lights,Percent,239,units,0,v92073386,47.4,41.0,,,,0
2634,2023,"Victoria, British Columbia",2016S0503935,At least one type of energy-saving light,Percent,239,units,0,v92073387,47.5,90.0,,,,0
2635,2023,"Victoria, British Columbia",2016S0503935,"At least one type of energy-saving light, excluding light emitting diode (LED) holiday lights",Percent,239,units,0,v92073388,47.6,81.0,,,,0
2636,2023,"Victoria, British Columbia",2016S0503935,No energy saving lights,Percent,239,units,0,v92073389,47.7,,F,,,0
2637,2023,"Nanaimo, British Columbia",2016S0503938,Compact fluorescent lights,Percent,239,units,0,v1752203119,56.1,,F,,,0
2638,2023,"Nanaimo, British Columbia",2016S0503938,Fluorescent tubes,Percent,239,units,0,v1752203120,56.2,,F,,,0
2639,2023,"Nanaimo, British Columbia",2016S0503938,Halogen lights,Percent,239,units,0,v1752203121,56.3,,F,,,0
2640,2023,"Nanaimo, British Columbia",2016S0503938,"Light emitting diode (LED) lights, excluding LED holiday lights",Percent,239,units,0,v1752203126,56.8,65.0,,,,0
2641,2023,"Nanaimo, British Columbia",2016S0503938,Light emitting diode (LED) holiday lights,Percent,239,units,0,v1752203122,56.4,,F,,,0
2642,2023,"Nanaimo, British Columbia",2016S0503938,At least one type of energy-saving light,Percent,239,units,0,v1752203123,56.5,90.0,,,,0
2643,2023,"Nanaimo, British Columbia",2016S0503938,"At least one type of energy-saving light, excluding light emitting diode (LED) holiday lights",Percent,239,units,0,v1752203124,56.6,84.0,,,,0
2644,2023,"Nanaimo, British Columbia",2016S0503938,No energy saving lights,Percent,239,units,0,v1752203125,56.7,,F,,,0
2645,2023,Non-census metropolitan areas,,Compact fluorescent lights,Percent,239,units,0,v92073390,48.1,29.0,,,,0
2646,2023,Non-census metropolitan areas,,Fluorescent tubes,Percent,239,units,0,v92073391,48.2,15.0,,,,0
2647,2023,Non-census metropolitan areas,,Halogen lights,Percent,239,units,0,v92073392,48.3,12.0,,,,0
2648,2023,Non-census metropolitan areas,,"Light emitting diode (LED) lights, excluding LED holiday lights",Percent,239,units,0,v92073393,48.8,50.0,,,,0
2649,2023,Non-census metropolitan areas,,Light emitting diode (LED) holiday lights,Percent,239,units,0,v92073394,48.4,33.0,,,,0
2650,2023,Non-census metropolitan areas,,At least one type of energy-saving light,Percent,239,units,0,v92073395,48.5,86.0,,,,0
2651,2023,Non-census metropolitan areas,,"At least one type of energy-saving light, excluding light emitting diode (LED) holiday lights",Percent,239,units,0,v92073396,48.6,77.0,,,,0
2652,2023,Non-census metropolitan areas,,No energy saving lights,Percent,239,units,0,v92073397,48.7,14.0,,,,0
